ano,home_team,away_team,home_score,away_score
2014,Flamengo - RJ,Goiás - GO,0,0
2014,Fluminense - RJ,Figueirense - SC,3,0
2014,São Paulo - SP,Botafogo - RJ,3,0
2014,Santos - SP,Sport - PE,1,1
2014,Atletico - PR,Grêmio - RS,1,0
2014,Atlético - MG,Corinthians - SP,0,0
2014,Bahia - BA,Cruzeiro - MG,1,2
2014,Internacional - RS,Vitória - BA,1,0
2014,Criciuma - SC,Palmeiras - SP,1,2
2014,Chapecoense - SC,Coritiba - PR,0,0
2014,Botafogo - RJ,Internacional - RS,2,2
2014,Sport - PE,Chapecoense - SC,2,1
2014,Corinthians - SP,Flamengo - RJ,2,0
2014,Palmeiras - SP,Fluminense - RJ,0,1
2014,Coritiba - PR,Santos - SP,0,0
2014,Cruzeiro - MG,São Paulo - SP,1,1
2014,Vitória - BA,Atletico - PR,2,2
2014,Grêmio - RS,Atlético - MG,2,1
2014,Figueirense - SC,Bahia - BA,0,2
2014,Goiás - GO,Criciuma - SC,1,0
2014,Flamengo - RJ,Palmeiras - SP,4,2
2014,Fluminense - RJ,Vitória - BA,1,2
2014,São Paulo - SP,Coritiba - PR,2,2
2014,Santos - SP,Grêmio - RS,0,0
2014,Atletico - PR,Cruzeiro - MG,2,3
2014,Atlético - MG,Goiás - GO,0,1
2014,Bahia - BA,Botafogo - RJ,1,0
2014,Internacional - RS,Sport - PE,2,1
2014,Criciuma - SC,Figueirense - SC,1,0
2014,Chapecoense - SC,Corinthians - SP,0,1
2014,Botafogo - RJ,Criciuma - SC,6,0
2014,Fluminense - RJ,Flamengo - RJ,2,0
2014,São Paulo - SP,Corinthians - SP,1,1
2014,Palmeiras - SP,Goiás - GO,2,0
2014,Coritiba - PR,Sport - PE,0,1
2014,Atlético - MG,Cruzeiro - MG,2,1
2014,Bahia - BA,Vitória - BA,1,1
2014,Internacional - RS,Atletico - PR,2,1
2014,Figueirense - SC,Santos - SP,0,2
2014,Chapecoense - SC,Grêmio - RS,1,2
2014,Flamengo - RJ,São Paulo - SP,0,2
2014,Sport - PE,Bahia - BA,1,0
2014,Corinthians - SP,Figueirense - SC,0,1
2014,Santos - SP,Atlético - MG,1,2
2014,Atletico - PR,Chapecoense - SC,1,1
2014,Cruzeiro - MG,Coritiba - PR,3,2
2014,Vitória - BA,Palmeiras - SP,0,1
2014,Grêmio - RS,Fluminense - RJ,1,0
2014,Criciuma - SC,Internacional - RS,0,0
2014,Goiás - GO,Botafogo - RJ,2,0
2014,Flamengo - RJ,Bahia - BA,1,1
2014,Fluminense - RJ,São Paulo - SP,5,2
2014,Corinthians - SP,Atletico - PR,1,1
2014,Palmeiras - SP,Figueirense - SC,1,0
2014,Coritiba - PR,Internacional - RS,1,1
2014,Cruzeiro - MG,Sport - PE,2,0
2014,Vitória - BA,Atlético - MG,2,3
2014,Grêmio - RS,Botafogo - RJ,2,1
2014,Criciuma - SC,Chapecoense - SC,1,0
2014,Goiás - GO,Santos - SP,2,2
2014,Botafogo - RJ,Vitória - BA,1,1
2014,Sport - PE,Corinthians - SP,1,4
2014,São Paulo - SP,Grêmio - RS,1,0
2014,Santos - SP,Flamengo - RJ,0,0
2014,Atletico - PR,Coritiba - PR,2,0
2014,Atlético - MG,Criciuma - SC,0,0
2014,Bahia - BA,Fluminense - RJ,0,1
2014,Internacional - RS,Cruzeiro - MG,1,3
2014,Figueirense - SC,Goiás - GO,0,1
2014,Chapecoense - SC,Palmeiras - SP,2,0
2014,Flamengo - RJ,Figueirense - SC,1,1
2014,Sport - PE,Grêmio - RS,0,0
2014,Corinthians - SP,Cruzeiro - MG,1,0
2014,Palmeiras - SP,Botafogo - RJ,0,2
2014,Atletico - PR,São Paulo - SP,2,2
2014,Atlético - MG,Fluminense - RJ,2,0
2014,Bahia - BA,Santos - SP,0,2
2014,Internacional - RS,Chapecoense - SC,2,0
2014,Criciuma - SC,Coritiba - PR,1,0
2014,Goiás - GO,Vitória - BA,0,0
2014,Botafogo - RJ,Corinthians - SP,1,0
2014,Fluminense - RJ,Internacional - RS,1,1
2014,São Paulo - SP,Atlético - MG,2,1
2014,Santos - SP,Criciuma - SC,2,0
2014,Coritiba - PR,Goiás - GO,3,0
2014,Cruzeiro - MG,Flamengo - RJ,3,0
2014,Vitória - BA,Sport - PE,0,1
2014,Grêmio - RS,Palmeiras - SP,0,0
2014,Figueirense - SC,Atletico - PR,1,3
2014,Chapecoense - SC,Bahia - BA,2,1
2014,Flamengo - RJ,Atletico - PR,1,2
2014,Sport - PE,Botafogo - RJ,1,0
2014,Corinthians - SP,Internacional - RS,2,1
2014,Santos - SP,Palmeiras - SP,2,0
2014,Coritiba - PR,Figueirense - SC,0,2
2014,Cruzeiro - MG,Vitória - BA,3,1
2014,Bahia - BA,São Paulo - SP,0,2
2014,Grêmio - RS,Goiás - GO,0,0
2014,Criciuma - SC,Fluminense - RJ,3,2
2014,Chapecoense - SC,Atlético - MG,1,1
2014,Botafogo - RJ,Coritiba - PR,1,0
2014,Fluminense - RJ,Santos - SP,1,0
2014,São Paulo - SP,Chapecoense - SC,0,1
2014,Palmeiras - SP,Cruzeiro - MG,1,2
2014,Atletico - PR,Criciuma - SC,2,0
2014,Atlético - MG,Bahia - BA,1,1
2014,Vitória - BA,Corinthians - SP,0,0
2014,Internacional - RS,Flamengo - RJ,4,0
2014,Figueirense - SC,Grêmio - RS,0,1
2014,Goiás - GO,Sport - PE,0,0
2014,Flamengo - RJ,Botafogo - RJ,1,0
2014,Sport - PE,Atlético - MG,2,1
2014,Corinthians - SP,Palmeiras - SP,2,0
2014,Santos - SP,Chapecoense - SC,3,0
2014,Atletico - PR,Fluminense - RJ,0,3
2014,Cruzeiro - MG,Figueirense - SC,5,0
2014,Bahia - BA,Internacional - RS,0,1
2014,Grêmio - RS,Coritiba - PR,2,3
2014,Criciuma - SC,Vitória - BA,1,3
2014,Goiás - GO,São Paulo - SP,2,1
2014,Botafogo - RJ,Cruzeiro - MG,1,1
2014,Fluminense - RJ,Goiás - GO,2,0
2014,São Paulo - SP,Criciuma - SC,1,1
2014,Palmeiras - SP,Bahia - BA,1,1
2014,Coritiba - PR,Corinthians - SP,0,0
2014,Atlético - MG,Atletico - PR,3,1
2014,Vitória - BA,Grêmio - RS,2,1
2014,Internacional - RS,Santos - SP,1,0
2014,Figueirense - SC,Sport - PE,3,0
2014,Chapecoense - SC,Flamengo - RJ,1,0
2014,Flamengo - RJ,Sport - PE,1,0
2014,Fluminense - RJ,Coritiba - PR,1,1
2014,São Paulo - SP,Vitória - BA,3,1
2014,Santos - SP,Corinthians - SP,0,1
2014,Atletico - PR,Botafogo - RJ,2,0
2014,Atlético - MG,Palmeiras - SP,2,1
2014,Bahia - BA,Goiás - GO,1,0
2014,Internacional - RS,Grêmio - RS,2,0
2014,Criciuma - SC,Cruzeiro - MG,0,0
2014,Chapecoense - SC,Figueirense - SC,0,1
2014,Botafogo - RJ,Fluminense - RJ,2,0
2014,Sport - PE,Atletico - PR,1,1
2014,Corinthians - SP,Bahia - BA,1,1
2014,Palmeiras - SP,São Paulo - SP,1,2
2014,Coritiba - PR,Flamengo - RJ,0,1
2014,Cruzeiro - MG,Santos - SP,3,0
2014,Vitória - BA,Chapecoense - SC,0,0
2014,Grêmio - RS,Criciuma - SC,2,0
2014,Figueirense - SC,Atlético - MG,2,2
2014,Goiás - GO,Internacional - RS,0,1
2014,Flamengo - RJ,Atlético - MG,2,1
2014,Sport - PE,Palmeiras - SP,2,1
2014,Corinthians - SP,Goiás - GO,5,2
2014,Santos - SP,Atletico - PR,2,0
2014,Coritiba - PR,Vitória - BA,2,0
2014,Cruzeiro - MG,Grêmio - RS,1,0
2014,Bahia - BA,Criciuma - SC,0,0
2014,Internacional - RS,São Paulo - SP,0,1
2014,Figueirense - SC,Botafogo - RJ,1,0
2014,Chapecoense - SC,Fluminense - RJ,1,0
2014,Botafogo - RJ,Chapecoense - SC,1,0
2014,Fluminense - RJ,Sport - PE,4,0
2014,São Paulo - SP,Santos - SP,2,1
2014,Palmeiras - SP,Coritiba - PR,1,0
2014,Atletico - PR,Bahia - BA,0,0
2014,Atlético - MG,Internacional - RS,1,0
2014,Vitória - BA,Figueirense - SC,0,1
2014,Grêmio - RS,Corinthians - SP,2,1
2014,Criciuma - SC,Flamengo - RJ,0,2
2014,Goiás - GO,Cruzeiro - MG,0,1
2014,Botafogo - RJ,Santos - SP,1,0
2014,Sport - PE,Criciuma - SC,2,0
2014,Corinthians - SP,Fluminense - RJ,1,1
2014,Palmeiras - SP,Internacional - RS,0,1
2014,Coritiba - PR,Atlético - MG,0,0
2014,Cruzeiro - MG,Chapecoense - SC,4,2
2014,Vitória - BA,Flamengo - RJ,1,2
2014,Grêmio - RS,Bahia - BA,1,0
2014,Figueirense - SC,São Paulo - SP,1,1
2014,Goiás - GO,Atletico - PR,3,1
2014,Flamengo - RJ,Grêmio - RS,0,1
2014,Fluminense - RJ,Cruzeiro - MG,3,3
2014,São Paulo - SP,Sport - PE,2,0
2014,Santos - SP,Vitória - BA,3,1
2014,Atletico - PR,Palmeiras - SP,1,1
2014,Atlético - MG,Botafogo - RJ,1,0
2014,Bahia - BA,Coritiba - PR,0,0
2014,Internacional - RS,Figueirense - SC,2,3
2014,Criciuma - SC,Corinthians - SP,0,0
2014,Chapecoense - SC,Goiás - GO,0,0
2014,Botafogo - RJ,São Paulo - SP,2,4
2014,Sport - PE,Santos - SP,3,1
2014,Corinthians - SP,Atlético - MG,1,0
2014,Palmeiras - SP,Criciuma - SC,1,0
2014,Coritiba - PR,Chapecoense - SC,3,0
2014,Cruzeiro - MG,Bahia - BA,2,1
2014,Vitória - BA,Internacional - RS,2,0
2014,Grêmio - RS,Atletico - PR,1,0
2014,Figueirense - SC,Fluminense - RJ,1,1
2014,Goiás - GO,Flamengo - RJ,1,0
2014,Flamengo - RJ,Corinthians - SP,1,0
2014,Fluminense - RJ,Palmeiras - SP,3,0
2014,São Paulo - SP,Cruzeiro - MG,2,0
2014,Santos - SP,Coritiba - PR,2,1
2014,Atletico - PR,Vitória - BA,2,0
2014,Atlético - MG,Grêmio - RS,0,0
2014,Bahia - BA,Figueirense - SC,3,0
2014,Internacional - RS,Botafogo - RJ,2,0
2014,Criciuma - SC,Goiás - GO,1,0
2014,Chapecoense - SC,Sport - PE,3,1
2014,Botafogo - RJ,Bahia - BA,2,3
2014,Sport - PE,Internacional - RS,0,0
2014,Corinthians - SP,Chapecoense - SC,1,1
2014,Palmeiras - SP,Flamengo - RJ,2,2
2014,Coritiba - PR,São Paulo - SP,3,1
2014,Cruzeiro - MG,Atletico - PR,2,0
2014,Vitória - BA,Fluminense - RJ,3,1
2014,Grêmio - RS,Santos - SP,0,0
2014,Figueirense - SC,Criciuma - SC,1,1
2014,Goiás - GO,Atlético - MG,2,3
2014,Flamengo - RJ,Fluminense - RJ,1,1
2014,Sport - PE,Coritiba - PR,1,0
2014,Corinthians - SP,São Paulo - SP,3,2
2014,Santos - SP,Figueirense - SC,3,1
2014,Atletico - PR,Internacional - RS,0,1
2014,Cruzeiro - MG,Atlético - MG,2,3
2014,Vitória - BA,Bahia - BA,2,1
2014,Grêmio - RS,Chapecoense - SC,1,0
2014,Criciuma - SC,Botafogo - RJ,1,1
2014,Goiás - GO,Palmeiras - SP,6,0
2014,Botafogo - RJ,Goiás - GO,1,0
2014,Fluminense - RJ,Grêmio - RS,0,0
2014,São Paulo - SP,Flamengo - RJ,2,2
2014,Palmeiras - SP,Vitória - BA,2,0
2014,Coritiba - PR,Cruzeiro - MG,1,2
2014,Atlético - MG,Santos - SP,3,2
2014,Bahia - BA,Sport - PE,1,0
2014,Internacional - RS,Criciuma - SC,3,0
2014,Figueirense - SC,Corinthians - SP,1,0
2014,Chapecoense - SC,Atletico - PR,3,0
2014,Botafogo - RJ,Grêmio - RS,0,2
2014,Sport - PE,Cruzeiro - MG,0,0
2014,São Paulo - SP,Fluminense - RJ,1,3
2014,Santos - SP,Goiás - GO,2,0
2014,Atletico - PR,Corinthians - SP,1,0
2014,Atlético - MG,Vitória - BA,2,0
2014,Bahia - BA,Flamengo - RJ,2,1
2014,Internacional - RS,Coritiba - PR,4,2
2014,Figueirense - SC,Palmeiras - SP,3,1
2014,Chapecoense - SC,Criciuma - SC,1,1
2014,Flamengo - RJ,Santos - SP,0,1
2014,Fluminense - RJ,Bahia - BA,1,1
2014,Corinthians - SP,Sport - PE,3,0
2014,Palmeiras - SP,Chapecoense - SC,4,2
2014,Coritiba - PR,Atletico - PR,1,0
2014,Cruzeiro - MG,Internacional - RS,2,1
2014,Vitória - BA,Botafogo - RJ,2,1
2014,Grêmio - RS,São Paulo - SP,0,1
2014,Criciuma - SC,Atlético - MG,3,1
2014,Goiás - GO,Figueirense - SC,1,0
2014,Botafogo - RJ,Palmeiras - SP,0,1
2014,Fluminense - RJ,Atlético - MG,0,0
2014,São Paulo - SP,Atletico - PR,1,0
2014,Santos - SP,Bahia - BA,1,0
2014,Coritiba - PR,Criciuma - SC,1,0
2014,Cruzeiro - MG,Corinthians - SP,0,1
2014,Vitória - BA,Goiás - GO,2,2
2014,Grêmio - RS,Sport - PE,2,0
2014,Figueirense - SC,Flamengo - RJ,1,2
2014,Chapecoense - SC,Internacional - RS,5,0
2014,Flamengo - RJ,Cruzeiro - MG,3,0
2014,Sport - PE,Vitória - BA,1,2
2014,Corinthians - SP,Botafogo - RJ,1,1
2014,Palmeiras - SP,Grêmio - RS,2,1
2014,Atletico - PR,Figueirense - SC,3,0
2014,Atlético - MG,São Paulo - SP,1,0
2014,Bahia - BA,Chapecoense - SC,0,1
2014,Internacional - RS,Fluminense - RJ,2,1
2014,Criciuma - SC,Santos - SP,3,0
2014,Goiás - GO,Coritiba - PR,3,0
2014,Botafogo - RJ,Sport - PE,1,1
2014,Fluminense - RJ,Criciuma - SC,4,2
2014,São Paulo - SP,Bahia - BA,2,1
2014,Palmeiras - SP,Santos - SP,1,3
2014,Atletico - PR,Flamengo - RJ,2,1
2014,Atlético - MG,Chapecoense - SC,1,0
2014,Vitória - BA,Cruzeiro - MG,0,1
2014,Internacional - RS,Corinthians - SP,1,2
2014,Figueirense - SC,Coritiba - PR,4,0
2014,Goiás - GO,Grêmio - RS,0,0
2014,Flamengo - RJ,Internacional - RS,2,0
2014,Sport - PE,Goiás - GO,0,1
2014,Corinthians - SP,Vitória - BA,2,1
2014,Santos - SP,Fluminense - RJ,0,1
2014,Coritiba - PR,Botafogo - RJ,2,0
2014,Cruzeiro - MG,Palmeiras - SP,1,1
2014,Bahia - BA,Atlético - MG,1,1
2014,Grêmio - RS,Figueirense - SC,1,0
2014,Criciuma - SC,Atletico - PR,0,1
2014,Chapecoense - SC,São Paulo - SP,0,0
2014,Botafogo - RJ,Flamengo - RJ,2,1
2014,Fluminense - RJ,Atletico - PR,2,1
2014,São Paulo - SP,Goiás - GO,3,0
2014,Palmeiras - SP,Corinthians - SP,1,1
2014,Coritiba - PR,Grêmio - RS,1,1
2014,Atlético - MG,Sport - PE,3,2
2014,Vitória - BA,Criciuma - SC,3,1
2014,Internacional - RS,Bahia - BA,2,0
2014,Figueirense - SC,Cruzeiro - MG,1,1
2014,Chapecoense - SC,Santos - SP,1,1
2014,Flamengo - RJ,Chapecoense - SC,3,0
2014,Sport - PE,Figueirense - SC,1,0
2014,Corinthians - SP,Coritiba - PR,2,2
2014,Santos - SP,Internacional - RS,1,2
2014,Atletico - PR,Atlético - MG,1,0
2014,Cruzeiro - MG,Botafogo - RJ,2,1
2014,Bahia - BA,Palmeiras - SP,0,1
2014,Grêmio - RS,Vitória - BA,1,0
2014,Criciuma - SC,São Paulo - SP,1,2
2014,Goiás - GO,Fluminense - RJ,0,2
2014,Botafogo - RJ,Atletico - PR,0,2
2014,Sport - PE,Flamengo - RJ,2,2
2014,Corinthians - SP,Santos - SP,1,0
2014,Palmeiras - SP,Atlético - MG,0,2
2014,Coritiba - PR,Fluminense - RJ,1,0
2014,Cruzeiro - MG,Criciuma - SC,3,1
2014,Vitória - BA,São Paulo - SP,1,2
2014,Grêmio - RS,Internacional - RS,4,1
2014,Figueirense - SC,Chapecoense - SC,1,0
2014,Goiás - GO,Bahia - BA,3,0
2014,Flamengo - RJ,Coritiba - PR,3,2
2014,Fluminense - RJ,Botafogo - RJ,1,0
2014,São Paulo - SP,Palmeiras - SP,2,0
2014,Santos - SP,Cruzeiro - MG,0,1
2014,Atletico - PR,Sport - PE,0,1
2014,Atlético - MG,Figueirense - SC,1,1
2014,Bahia - BA,Corinthians - SP,1,2
2014,Internacional - RS,Goiás - GO,1,0
2014,Criciuma - SC,Grêmio - RS,0,3
2014,Chapecoense - SC,Vitória - BA,0,1
2014,Botafogo - RJ,Figueirense - SC,0,1
2014,Fluminense - RJ,Chapecoense - SC,1,4
2014,São Paulo - SP,Internacional - RS,1,1
2014,Palmeiras - SP,Sport - PE,0,2
2014,Atletico - PR,Santos - SP,1,1
2014,Atlético - MG,Flamengo - RJ,4,0
2014,Vitória - BA,Coritiba - PR,1,1
2014,Grêmio - RS,Cruzeiro - MG,1,2
2014,Criciuma - SC,Bahia - BA,0,1
2014,Goiás - GO,Corinthians - SP,0,1
2014,Flamengo - RJ,Criciuma - SC,1,1
2014,Sport - PE,Fluminense - RJ,2,2
2014,Corinthians - SP,Grêmio - RS,1,0
2014,Santos - SP,São Paulo - SP,0,1
2014,Coritiba - PR,Palmeiras - SP,2,0
2014,Cruzeiro - MG,Goiás - GO,2,1
2014,Bahia - BA,Atletico - PR,1,2
2014,Internacional - RS,Atlético - MG,2,1
2014,Figueirense - SC,Vitória - BA,2,0
2014,Chapecoense - SC,Botafogo - RJ,2,0
2014,Flamengo - RJ,Vitória - BA,4,0
2014,Fluminense - RJ,Corinthians - SP,5,2
2014,São Paulo - SP,Figueirense - SC,1,1
2014,Santos - SP,Botafogo - RJ,2,0
2014,Atletico - PR,Goiás - GO,1,0
2014,Atlético - MG,Coritiba - PR,1,2
2014,Bahia - BA,Grêmio - RS,1,0
2014,Internacional - RS,Palmeiras - SP,3,1
2014,Criciuma - SC,Sport - PE,2,2
2014,Chapecoense - SC,Cruzeiro - MG,1,1
2014,Botafogo - RJ,Atlético - MG,0,0
2014,Sport - PE,São Paulo - SP,1,0
2014,Corinthians - SP,Criciuma - SC,2,1
2014,Palmeiras - SP,Atletico - PR,1,1
2014,Coritiba - PR,Bahia - BA,3,2
2014,Cruzeiro - MG,Fluminense - RJ,2,1
2014,Vitória - BA,Santos - SP,0,1
2014,Grêmio - RS,Flamengo - RJ,1,1
2014,Figueirense - SC,Internacional - RS,1,2
2014,Goiás - GO,Chapecoense - SC,4,2
2015,Palmeiras - SP,Atlético - MG,0,0
2015,Chapecoense - SC,Coritiba - PR,3,0
2015,Fluminense - RJ,Joinville - SC,3,0
2015,São Paulo - SP,Flamengo - RJ,1,1
2015,Cruzeiro - MG,Corinthians - SP,1,0
2015,Atlético - PR,Internacional - RS,0,0
2015,Sport - PE,Figueirense - SC,1,2
2015,Vasco da Gama - RJ,Goiás - GO,1,0
2015,Grêmio - RS,Ponte Preta - SP,1,2
2015,Avaí - SC,Santos - SP,0,0
2015,Coritiba - PR,Grêmio - RS,2,2
2015,Goiás - GO,Atlético - PR,2,1
2015,Corinthians - SP,Chapecoense - SC,2,0
2015,Flamengo - RJ,Sport - PE,0,1
2015,Santos - SP,Cruzeiro - MG,0,0
2015,Atlético - MG,Fluminense - RJ,1,1
2015,Joinville - SC,Palmeiras - SP,2,2
2015,Ponte Preta - SP,São Paulo - SP,2,1
2015,Internacional - RS,Avaí - SC,0,2
2015,Figueirense - SC,Vasco da Gama - RJ,1,0
2015,São Paulo - SP,Joinville - SC,4,2
2015,Vasco da Gama - RJ,Internacional - RS,1,2
2015,Grêmio - RS,Figueirense - SC,2,2
2015,Fluminense - RJ,Corinthians - SP,0,0
2015,Avaí - SC,Flamengo - RJ,2,3
2015,Atlético - PR,Atlético - MG,0,1
2015,Chapecoense - SC,Santos - SP,1,0
2015,Palmeiras - SP,Goiás - GO,2,1
2015,Cruzeiro - MG,Ponte Preta - SP,1,0
2015,Sport - PE,Coritiba - PR,0,1
2015,Ponte Preta - SP,Chapecoense - SC,6,0
2015,Coritiba - PR,Avaí - SC,2,0
2015,Joinville - SC,Atlético - PR,1,1
2015,Corinthians - SP,Palmeiras - SP,2,0
2015,Internacional - RS,São Paulo - SP,0,1
2015,Atlético - MG,Vasco da Gama - RJ,2,1
2015,Goiás - GO,Grêmio - RS,1,1
2015,Santos - SP,Sport - PE,2,1
2015,Flamengo - RJ,Fluminense - RJ,0,2
2015,Figueirense - SC,Cruzeiro - MG,1,2
2015,Vasco da Gama - RJ,Ponte Preta - SP,0,2
2015,Atlético - PR,Figueirense - SC,1,0
2015,Chapecoense - SC,Joinville - SC,0,1
2015,São Paulo - SP,Santos - SP,1,2
2015,Grêmio - RS,Corinthians - SP,1,1
2015,Cruzeiro - MG,Flamengo - RJ,3,2
2015,Avaí - SC,Atlético - MG,0,1
2015,Fluminense - RJ,Coritiba - PR,1,0
2015,Sport - PE,Goiás - GO,0,0
2015,Palmeiras - SP,Internacional - RS,2,0
2015,Santos - SP,Ponte Preta - SP,1,1
2015,Flamengo - RJ,Chapecoense - SC,5,2
2015,Atlético - MG,Cruzeiro - MG,1,1
2015,São Paulo - SP,Grêmio - RS,1,0
2015,Atlético - PR,Vasco da Gama - RJ,1,1
2015,Joinville - SC,Corinthians - SP,2,0
2015,Fluminense - RJ,Sport - PE,2,3
2015,Internacional - RS,Coritiba - PR,2,1
2015,Figueirense - SC,Palmeiras - SP,1,0
2015,Goiás - GO,Avaí - SC,2,2
2015,Atlético - MG,Santos - SP,1,1
2015,Corinthians - SP,Internacional - RS,1,4
2015,Coritiba - PR,Flamengo - RJ,1,0
2015,Chapecoense - SC,São Paulo - SP,0,0
2015,Vasco da Gama - RJ,Cruzeiro - MG,2,0
2015,Sport - PE,Joinville - SC,0,0
2015,Palmeiras - SP,Fluminense - RJ,0,1
2015,Ponte Preta - SP,Goiás - GO,1,3
2015,Grêmio - RS,Atlético - PR,0,1
2015,Avaí - SC,Figueirense - SC,2,0
2015,Figueirense - SC,Internacional - RS,1,1
2015,Santos - SP,Corinthians - SP,0,0
2015,Flamengo - RJ,Atlético - MG,1,0
2015,Sport - PE,Vasco da Gama - RJ,0,2
2015,Grêmio - RS,Palmeiras - SP,2,2
2015,Cruzeiro - MG,Chapecoense - SC,2,0
2015,São Paulo - SP,Avaí - SC,0,2
2015,Atlético - PR,Coritiba - PR,2,0
2015,Joinville - SC,Goiás - GO,1,0
2015,Fluminense - RJ,Ponte Preta - SP,0,0
2015,Avaí - SC,Grêmio - RS,1,0
2015,Chapecoense - SC,Sport - PE,1,1
2015,Corinthians - SP,Figueirense - SC,2,1
2015,Palmeiras - SP,São Paulo - SP,2,0
2015,Ponte Preta - SP,Atlético - PR,3,0
2015,Coritiba - PR,Cruzeiro - MG,3,0
2015,Goiás - GO,Fluminense - RJ,0,1
2015,Vasco da Gama - RJ,Flamengo - RJ,0,0
2015,Internacional - RS,Santos - SP,1,3
2015,Atlético - MG,Joinville - SC,2,1
2015,Vasco da Gama - RJ,Avaí - SC,1,2
2015,Sport - PE,Internacional - RS,1,0
2015,Palmeiras - SP,Chapecoense - SC,2,1
2015,Atlético - MG,Coritiba - PR,2,0
2015,Grêmio - RS,Cruzeiro - MG,0,2
2015,Atlético - PR,São Paulo - SP,3,1
2015,Joinville - SC,Flamengo - RJ,0,2
2015,Corinthians - SP,Ponte Preta - SP,0,0
2015,Figueirense - SC,Goiás - GO,3,2
2015,Fluminense - RJ,Santos - SP,1,1
2015,Coritiba - PR,Joinville - SC,1,0
2015,Chapecoense - SC,Vasco da Gama - RJ,1,0
2015,Cruzeiro - MG,Atlético - PR,0,1
2015,Avaí - SC,Sport - PE,1,2
2015,São Paulo - SP,Fluminense - RJ,2,0
2015,Santos - SP,Grêmio - RS,1,1
2015,Goiás - GO,Corinthians - SP,0,0
2015,Ponte Preta - SP,Palmeiras - SP,4,0
2015,Flamengo - RJ,Figueirense - SC,0,1
2015,Internacional - RS,Atlético - MG,0,0
2015,Coritiba - PR,Ponte Preta - SP,1,0
2015,Goiás - GO,Santos - SP,2,1
2015,Chapecoense - SC,Grêmio - RS,2,0
2015,Palmeiras - SP,Avaí - SC,3,0
2015,Figueirense - SC,Joinville - SC,0,3
2015,Vasco da Gama - RJ,São Paulo - SP,5,0
2015,Internacional - RS,Flamengo - RJ,0,1
2015,Atlético - MG,Sport - PE,2,3
2015,Corinthians - SP,Atlético - PR,1,3
2015,Fluminense - RJ,Cruzeiro - MG,2,1
2015,Santos - SP,Figueirense - SC,1,1
2015,Grêmio - RS,Vasco da Gama - RJ,2,0
2015,Ponte Preta - SP,Atlético - MG,1,1
2015,São Paulo - SP,Coritiba - PR,1,1
2015,Flamengo - RJ,Corinthians - SP,0,0
2015,Cruzeiro - MG,Goiás - GO,3,1
2015,Atlético - PR,Fluminense - RJ,2,1
2015,Joinville - SC,Internacional - RS,1,0
2015,Avaí - SC,Chapecoense - SC,3,0
2015,Sport - PE,Palmeiras - SP,1,0
2015,Corinthians - SP,Atlético - MG,1,0
2015,Internacional - RS,Goiás - GO,1,1
2015,Flamengo - RJ,Grêmio - RS,3,1
2015,Atlético - PR,Chapecoense - SC,0,1
2015,Palmeiras - SP,Santos - SP,2,0
2015,Fluminense - RJ,Vasco da Gama - RJ,2,1
2015,Figueirense - SC,Coritiba - PR,1,0
2015,Sport - PE,São Paulo - SP,2,0
2015,Cruzeiro - MG,Avaí - SC,0,0
2015,Joinville - SC,Ponte Preta - SP,0,1
2015,Avaí - SC,Atlético - PR,2,0
2015,Grêmio - RS,Sport - PE,1,1
2015,Atlético - MG,Figueirense - SC,1,1
2015,Chapecoense - SC,Fluminense - RJ,1,2
2015,Coritiba - PR,Corinthians - SP,0,1
2015,Goiás - GO,Flamengo - RJ,3,0
2015,São Paulo - SP,Cruzeiro - MG,0,0
2015,Ponte Preta - SP,Internacional - RS,2,0
2015,Santos - SP,Joinville - SC,2,2
2015,Vasco da Gama - RJ,Palmeiras - SP,0,1
2015,Corinthians - SP,Vasco da Gama - RJ,2,1
2015,Atlético - MG,São Paulo - SP,2,1
2015,Fluminense - RJ,Grêmio - RS,5,2
2015,Palmeiras - SP,Atlético - PR,2,0
2015,Coritiba - PR,Goiás - GO,2,0
2015,Flamengo - RJ,Santos - SP,1,0
2015,Internacional - RS,Chapecoense - SC,0,0
2015,Figueirense - SC,Ponte Preta - SP,0,1
2015,Joinville - SC,Avaí - SC,1,0
2015,Sport - PE,Cruzeiro - MG,1,0
2015,Avaí - SC,Fluminense - RJ,1,0
2015,Santos - SP,Coritiba - PR,4,0
2015,Chapecoense - SC,Figueirense - SC,2,1
2015,Atlético - PR,Sport - PE,1,0
2015,Vasco da Gama - RJ,Joinville - SC,0,0
2015,São Paulo - SP,Corinthians - SP,1,0
2015,Ponte Preta - SP,Flamengo - RJ,0,1
2015,Cruzeiro - MG,Palmeiras - SP,2,1
2015,Goiás - GO,Atlético - MG,0,2
2015,Grêmio - RS,Internacional - RS,0,1
2015,Flamengo - RJ,Atlético - PR,1,0
2015,Coritiba - PR,Palmeiras - SP,2,0
2015,Goiás - GO,Chapecoense - SC,1,1
2015,Santos - SP,Vasco da Gama - RJ,0,1
2015,Corinthians - SP,Sport - PE,0,0
2015,Internacional - RS,Fluminense - RJ,4,2
2015,Figueirense - SC,São Paulo - SP,1,2
2015,Ponte Preta - SP,Avaí - SC,1,0
2015,Joinville - SC,Cruzeiro - MG,1,1
2015,Atlético - MG,Grêmio - RS,3,1
2015,Vasco da Gama - RJ,Coritiba - PR,0,1
2015,Atlético - PR,Santos - SP,3,3
2015,São Paulo - SP,Goiás - GO,2,0
2015,Fluminense - RJ,Figueirense - SC,3,1
2015,Grêmio - RS,Joinville - SC,1,1
2015,Palmeiras - SP,Flamengo - RJ,1,0
2015,Cruzeiro - MG,Internacional - RS,0,0
2015,Avaí - SC,Corinthians - SP,2,3
2015,Sport - PE,Ponte Preta - SP,0,0
2015,Chapecoense - SC,Atlético - MG,0,0
2015,Goiás - GO,Vasco da Gama - RJ,2,4
2015,Santos - SP,Avaí - SC,3,1
2015,Ponte Preta - SP,Grêmio - RS,1,0
2015,Coritiba - PR,Chapecoense - SC,1,0
2015,Corinthians - SP,Cruzeiro - MG,3,0
2015,Joinville - SC,Fluminense - RJ,2,1
2015,Flamengo - RJ,São Paulo - SP,2,0
2015,Internacional - RS,Atlético - PR,1,0
2015,Atlético - MG,Palmeiras - SP,1,1
2015,Figueirense - SC,Sport - PE,1,0
2015,Vasco da Gama - RJ,Figueirense - SC,1,0
2015,São Paulo - SP,Ponte Preta - SP,3,0
2015,Avaí - SC,Internacional - RS,2,0
2015,Grêmio - RS,Coritiba - PR,2,1
2015,Fluminense - RJ,Atlético - MG,2,0
2015,Sport - PE,Flamengo - RJ,0,0
2015,Chapecoense - SC,Corinthians - SP,3,0
2015,Palmeiras - SP,Joinville - SC,2,0
2015,Cruzeiro - MG,Santos - SP,1,0
2015,Atlético - PR,Goiás - GO,3,1
2015,Internacional - RS,Vasco da Gama - RJ,2,3
2015,Joinville - SC,São Paulo - SP,0,0
2015,Flamengo - RJ,Avaí - SC,1,1
2015,Atlético - MG,Atlético - PR,2,2
2015,Corinthians - SP,Fluminense - RJ,3,1
2015,Coritiba - PR,Sport - PE,2,0
2015,Goiás - GO,Palmeiras - SP,3,1
2015,Santos - SP,Chapecoense - SC,0,0
2015,Ponte Preta - SP,Cruzeiro - MG,1,1
2015,Figueirense - SC,Grêmio - RS,2,3
2015,São Paulo - SP,Internacional - RS,1,1
2015,Vasco da Gama - RJ,Atlético - MG,1,0
2015,Atlético - PR,Joinville - SC,3,2
2015,Cruzeiro - MG,Figueirense - SC,3,1
2015,Chapecoense - SC,Ponte Preta - SP,0,1
2015,Palmeiras - SP,Corinthians - SP,2,3
2015,Fluminense - RJ,Flamengo - RJ,2,1
2015,Grêmio - RS,Goiás - GO,1,0
2015,Avaí - SC,Coritiba - PR,1,1
2015,Sport - PE,Santos - SP,6,0
2015,Internacional - RS,Palmeiras - SP,1,0
2015,Atlético - MG,Avaí - SC,0,0
2015,Figueirense - SC,Atlético - PR,2,2
2015,Joinville - SC,Chapecoense - SC,2,0
2015,Corinthians - SP,Grêmio - RS,1,2
2015,Santos - SP,São Paulo - SP,3,2
2015,Coritiba - PR,Fluminense - RJ,1,0
2015,Ponte Preta - SP,Vasco da Gama - RJ,3,0
2015,Goiás - GO,Sport - PE,1,0
2015,Flamengo - RJ,Cruzeiro - MG,3,0
2015,Coritiba - PR,Internacional - RS,0,2
2015,Palmeiras - SP,Figueirense - SC,0,0
2015,Corinthians - SP,Joinville - SC,1,3
2015,Ponte Preta - SP,Santos - SP,2,0
2015,Vasco da Gama - RJ,Atlético - PR,1,0
2015,Grêmio - RS,São Paulo - SP,2,0
2015,Cruzeiro - MG,Atlético - MG,2,1
2015,Chapecoense - SC,Flamengo - RJ,4,2
2015,Avaí - SC,Goiás - GO,3,1
2015,Sport - PE,Fluminense - RJ,1,1
2015,Fluminense - RJ,Palmeiras - SP,0,1
2015,Joinville - SC,Sport - PE,1,1
2015,Figueirense - SC,Avaí - SC,3,0
2015,Atlético - PR,Grêmio - RS,4,2
2015,Santos - SP,Atlético - MG,1,0
2015,Internacional - RS,Corinthians - SP,2,1
2015,Cruzeiro - MG,Vasco da Gama - RJ,2,1
2015,São Paulo - SP,Chapecoense - SC,0,1
2015,Goiás - GO,Ponte Preta - SP,3,1
2015,Flamengo - RJ,Coritiba - PR,1,0
2015,Palmeiras - SP,Grêmio - RS,0,1
2015,Ponte Preta - SP,Fluminense - RJ,0,0
2015,Internacional - RS,Figueirense - SC,1,0
2015,Coritiba - PR,Atlético - PR,1,0
2015,Corinthians - SP,Santos - SP,1,0
2015,Vasco da Gama - RJ,Sport - PE,0,1
2015,Atlético - MG,Flamengo - RJ,2,2
2015,Avaí - SC,São Paulo - SP,2,0
2015,Goiás - GO,Joinville - SC,1,2
2015,Chapecoense - SC,Cruzeiro - MG,5,0
2015,Fluminense - RJ,Goiás - GO,3,0
2015,Grêmio - RS,Avaí - SC,1,2
2015,Santos - SP,Internacional - RS,1,1
2015,Atlético - PR,Ponte Preta - SP,2,1
2015,São Paulo - SP,Palmeiras - SP,3,0
2015,Flamengo - RJ,Vasco da Gama - RJ,1,0
2015,Figueirense - SC,Corinthians - SP,0,1
2015,Joinville - SC,Atlético - MG,2,1
2015,Sport - PE,Chapecoense - SC,3,0
2015,Cruzeiro - MG,Coritiba - PR,3,0
2015,Coritiba - PR,Atlético - MG,1,1
2015,Internacional - RS,Sport - PE,4,2
2015,São Paulo - SP,Atlético - PR,2,1
2015,Avaí - SC,Vasco da Gama - RJ,1,3
2015,Flamengo - RJ,Joinville - SC,2,1
2015,Santos - SP,Fluminense - RJ,1,0
2015,Ponte Preta - SP,Corinthians - SP,0,1
2015,Cruzeiro - MG,Grêmio - RS,1,2
2015,Goiás - GO,Figueirense - SC,4,0
2015,Chapecoense - SC,Palmeiras - SP,0,0
2015,Atlético - PR,Cruzeiro - MG,2,0
2015,Sport - PE,Avaí - SC,0,1
2015,Palmeiras - SP,Ponte Preta - SP,2,1
2015,Joinville - SC,Coritiba - PR,0,1
2015,Fluminense - RJ,São Paulo - SP,2,0
2015,Atlético - MG,Internacional - RS,1,1
2015,Figueirense - SC,Flamengo - RJ,1,1
2015,Corinthians - SP,Goiás - GO,1,0
2015,Vasco da Gama - RJ,Chapecoense - SC,0,1
2015,Grêmio - RS,Santos - SP,0,0
2015,Flamengo - RJ,Internacional - RS,2,1
2015,Ponte Preta - SP,Coritiba - PR,2,1
2015,Joinville - SC,Figueirense - SC,3,0
2015,Santos - SP,Goiás - GO,1,1
2015,Grêmio - RS,Chapecoense - SC,1,1
2015,Cruzeiro - MG,Fluminense - RJ,3,2
2015,Atlético - PR,Corinthians - SP,3,1
2015,Sport - PE,Atlético - MG,2,0
2015,São Paulo - SP,Vasco da Gama - RJ,1,1
2015,Avaí - SC,Palmeiras - SP,1,1
2015,Fluminense - RJ,Atlético - PR,3,0
2015,Figueirense - SC,Santos - SP,1,0
2015,Internacional - RS,Joinville - SC,2,2
2015,Palmeiras - SP,Sport - PE,1,2
2015,Corinthians - SP,Flamengo - RJ,1,0
2015,Vasco da Gama - RJ,Grêmio - RS,2,1
2015,Coritiba - PR,São Paulo - SP,0,1
2015,Chapecoense - SC,Avaí - SC,1,0
2015,Goiás - GO,Cruzeiro - MG,1,2
2015,Atlético - MG,Ponte Preta - SP,0,2
2015,São Paulo - SP,Sport - PE,0,2
2015,Avaí - SC,Cruzeiro - MG,2,2
2015,Ponte Preta - SP,Joinville - SC,1,0
2015,Coritiba - PR,Figueirense - SC,0,2
2015,Grêmio - RS,Flamengo - RJ,1,0
2015,Atlético - MG,Corinthians - SP,3,1
2015,Santos - SP,Palmeiras - SP,1,2
2015,Chapecoense - SC,Atlético - PR,4,1
2015,Vasco da Gama - RJ,Fluminense - RJ,1,0
2015,Goiás - GO,Internacional - RS,3,0
2015,Internacional - RS,Ponte Preta - SP,3,2
2015,Corinthians - SP,Coritiba - PR,1,0
2015,Atlético - PR,Avaí - SC,2,0
2015,Fluminense - RJ,Chapecoense - SC,0,1
2015,Palmeiras - SP,Vasco da Gama - RJ,0,1
2015,Cruzeiro - MG,São Paulo - SP,1,1
2015,Figueirense - SC,Atlético - MG,1,2
2015,Flamengo - RJ,Goiás - GO,1,0
2015,Sport - PE,Grêmio - RS,0,3
2015,Joinville - SC,Santos - SP,0,1
2015,Cruzeiro - MG,Sport - PE,0,1
2015,Atlético - PR,Palmeiras - SP,1,4
2015,Goiás - GO,Coritiba - PR,1,1
2015,Ponte Preta - SP,Figueirense - SC,0,2
2015,Avaí - SC,Joinville - SC,1,1
2015,São Paulo - SP,Atlético - MG,4,0
2015,Santos - SP,Flamengo - RJ,1,1
2015,Vasco da Gama - RJ,Corinthians - SP,1,2
2015,Chapecoense - SC,Internacional - RS,0,1
2015,Grêmio - RS,Fluminense - RJ,0,1
2015,Palmeiras - SP,Cruzeiro - MG,1,1
2015,Joinville - SC,Vasco da Gama - RJ,2,2
2015,Corinthians - SP,São Paulo - SP,1,0
2015,Internacional - RS,Grêmio - RS,0,1
2015,Atlético - MG,Goiás - GO,2,0
2015,Figueirense - SC,Chapecoense - SC,2,1
2015,Flamengo - RJ,Ponte Preta - SP,1,2
2015,Sport - PE,Atlético - PR,2,1
2015,Fluminense - RJ,Avaí - SC,2,0
2015,Coritiba - PR,Santos - SP,2,0
2015,São Paulo - SP,Figueirense - SC,4,0
2015,Fluminense - RJ,Internacional - RS,5,2
2015,Avaí - SC,Ponte Preta - SP,1,1
2015,Sport - PE,Corinthians - SP,2,0
2015,Grêmio - RS,Atlético - MG,1,0
2015,Cruzeiro - MG,Joinville - SC,1,2
2015,Vasco da Gama - RJ,Santos - SP,1,0
2015,Palmeiras - SP,Coritiba - PR,3,1
2015,Chapecoense - SC,Goiás - GO,2,2
2015,Atlético - PR,Flamengo - RJ,1,1
2015,Corinthians - SP,Avaí - SC,0,0
2015,Santos - SP,Atlético - PR,1,0
2015,Ponte Preta - SP,Sport - PE,2,1
2015,Flamengo - RJ,Palmeiras - SP,1,1
2015,Internacional - RS,Cruzeiro - MG,3,2
2015,Atlético - MG,Chapecoense - SC,2,1
2015,Figueirense - SC,Fluminense - RJ,0,1
2015,Coritiba - PR,Vasco da Gama - RJ,1,1
2015,Goiás - GO,São Paulo - SP,1,2
2015,Joinville - SC,Grêmio - RS,4,2
2016,Palmeiras - SP,Atlético - PR,0,0
2016,Flamengo - RJ,Sport - PE,3,0
2016,Atlético - MG,Santos - SP,3,0
2016,Coritiba - PR,Cruzeiro - MG,1,1
2016,Botafogo - RJ,São Paulo - SP,1,0
2016,Santa Cruz - PE,Vitória - BA,0,0
2016,Corinthians - SP,Grêmio - RS,1,2
2016,Figueirense - SC,Ponte Preta - SP,1,0
2016,América - MG,Fluminense - RJ,1,2
2016,Internacional - RS,Chapecoense - SC,0,0
2016,Vitória - BA,Corinthians - SP,2,2
2016,Fluminense - RJ,Santa Cruz - PE,2,1
2016,Cruzeiro - MG,Figueirense - SC,2,0
2016,Santos - SP,Coritiba - PR,0,1
2016,Atlético - PR,Atlético - MG,0,0
2016,Chapecoense - SC,América - MG,1,1
2016,São Paulo - SP,Internacional - RS,2,2
2016,Grêmio - RS,Flamengo - RJ,2,1
2016,Ponte Preta - SP,Palmeiras - SP,0,2
2016,Sport - PE,Botafogo - RJ,1,0
2016,Botafogo - RJ,Atlético - PR,4,2
2016,Flamengo - RJ,Chapecoense - SC,1,2
2016,Figueirense - SC,Santos - SP,2,2
2016,América - MG,Vitória - BA,0,0
2016,Santa Cruz - PE,Cruzeiro - MG,2,3
2016,Palmeiras - SP,Fluminense - RJ,0,1
2016,Internacional - RS,Sport - PE,1,0
2016,Coritiba - PR,São Paulo - SP,2,1
2016,Corinthians - SP,Ponte Preta - SP,1,0
2016,Atlético - MG,Grêmio - RS,0,1
2016,Cruzeiro - MG,América - MG,6,0
2016,Atlético - PR,Figueirense - SC,2,0
2016,Chapecoense - SC,Santa Cruz - PE,1,1
2016,Ponte Preta - SP,Flamengo - RJ,2,0
2016,Sport - PE,Corinthians - SP,0,1
2016,Vitória - BA,Atlético - MG,2,1
2016,Fluminense - RJ,Botafogo - RJ,1,1
2016,São Paulo - SP,Palmeiras - SP,2,1
2016,Grêmio - RS,Coritiba - PR,0,2
2016,Santos - SP,Internacional - RS,1,2
2016,Botafogo - RJ,Cruzeiro - MG,0,2
2016,Internacional - RS,Atlético - PR,1,0
2016,Coritiba - PR,Chapecoense - SC,0,1
2016,Figueirense - SC,São Paulo - SP,1,2
2016,Santa Cruz - PE,Sport - PE,1,1
2016,Corinthians - SP,Santos - SP,3,2
2016,Atlético - MG,Fluminense - RJ,0,1
2016,América - MG,Ponte Preta - SP,1,0
2016,Flamengo - RJ,Vitória - BA,0,0
2016,Palmeiras - SP,Grêmio - RS,2,0
2016,Atlético - PR,Santa Cruz - PE,1,1
2016,Cruzeiro - MG,São Paulo - SP,5,2
2016,Chapecoense - SC,Fluminense - RJ,1,1
2016,Corinthians - SP,Coritiba - PR,1,0
2016,América - MG,Figueirense - SC,1,1
2016,Santos - SP,Botafogo - RJ,2,0
2016,Flamengo - RJ,Palmeiras - SP,2,3
2016,Vitória - BA,Internacional - RS,2,1
2016,Sport - PE,Atlético - MG,1,0
2016,Grêmio - RS,Ponte Preta - SP,2,2
2016,Ponte Preta - SP,Chapecoense - SC,1,1
2016,Internacional - RS,América - MG,1,4
2016,São Paulo - SP,Atlético - PR,1,0
2016,Santa Cruz - PE,Santos - SP,0,0
2016,Figueirense - SC,Flamengo - RJ,2,0
2016,Fluminense - RJ,Grêmio - RS,0,0
2016,Atlético - MG,Cruzeiro - MG,0,1
2016,Palmeiras - SP,Corinthians - SP,1,3
2016,Coritiba - PR,Sport - PE,0,1
2016,Botafogo - RJ,Vitória - BA,2,0
2016,Coritiba - PR,Palmeiras - SP,1,1
2016,Ponte Preta - SP,Atlético - PR,0,0
2016,Botafogo - RJ,América - MG,1,0
2016,Santos - SP,Sport - PE,0,2
2016,Santa Cruz - PE,Figueirense - SC,2,2
2016,São Paulo - SP,Vitória - BA,2,0
2016,Cruzeiro - MG,Flamengo - RJ,0,2
2016,Internacional - RS,Atlético - MG,2,0
2016,Fluminense - RJ,Corinthians - SP,1,0
2016,Chapecoense - SC,Grêmio - RS,0,0
2016,Atlético - PR,Santos - SP,1,0
2016,Palmeiras - SP,Santa Cruz - PE,1,1
2016,América - MG,Coritiba - PR,2,1
2016,Corinthians - SP,Botafogo - RJ,2,0
2016,Atlético - MG,Ponte Preta - SP,3,0
2016,Vitória - BA,Chapecoense - SC,3,0
2016,Flamengo - RJ,São Paulo - SP,0,1
2016,Figueirense - SC,Internacional - RS,0,0
2016,Sport - PE,Fluminense - RJ,1,3
2016,Grêmio - RS,Cruzeiro - MG,2,1
2016,Chapecoense - SC,Atlético - PR,1,2
2016,Ponte Preta - SP,Cruzeiro - MG,1,0
2016,Botafogo - RJ,Figueirense - SC,2,1
2016,Palmeiras - SP,América - MG,2,0
2016,Santa Cruz - PE,Flamengo - RJ,0,2
2016,Fluminense - RJ,Santos - SP,3,1
2016,Atlético - MG,Corinthians - SP,0,2
2016,Grêmio - RS,Vitória - BA,0,0
2016,São Paulo - SP,Sport - PE,3,2
2016,Coritiba - PR,Internacional - RS,1,1
2016,Corinthians - SP,Santa Cruz - PE,1,0
2016,Cruzeiro - MG,Palmeiras - SP,1,0
2016,Vitória - BA,Ponte Preta - SP,0,1
2016,Flamengo - RJ,Fluminense - RJ,1,2
2016,Santos - SP,São Paulo - SP,2,0
2016,Internacional - RS,Botafogo - RJ,1,1
2016,Atlético - PR,Grêmio - RS,0,0
2016,América - MG,Atlético - MG,4,0
2016,Figueirense - SC,Coritiba - PR,0,1
2016,Sport - PE,Chapecoense - SC,0,0
2016,Vitória - BA,Sport - PE,1,0
2016,Grêmio - RS,Santos - SP,2,1
2016,Chapecoense - SC,Cruzeiro - MG,2,0
2016,Flamengo - RJ,Internacional - RS,3,0
2016,Coritiba - PR,Atlético - PR,0,3
2016,São Paulo - SP,Fluminense - RJ,5,0
2016,América - MG,Corinthians - SP,0,1
2016,Santa Cruz - PE,Ponte Preta - SP,2,3
2016,Palmeiras - SP,Figueirense - SC,1,3
2016,Atlético - MG,Botafogo - RJ,2,1
2016,Fluminense - RJ,Coritiba - PR,1,1
2016,Atlético - PR,América - MG,2,0
2016,Cruzeiro - MG,Vitória - BA,1,1
2016,Internacional - RS,Grêmio - RS,1,1
2016,Santos - SP,Chapecoense - SC,0,0
2016,Botafogo - RJ,Santa Cruz - PE,3,1
2016,Corinthians - SP,Flamengo - RJ,2,1
2016,Ponte Preta - SP,São Paulo - SP,1,0
2016,Figueirense - SC,Atlético - MG,3,0
2016,Sport - PE,Palmeiras - SP,1,0
2016,Flamengo - RJ,Atlético - MG,1,0
2016,Chapecoense - SC,Corinthians - SP,1,1
2016,Palmeiras - SP,Santos - SP,3,1
2016,Ponte Preta - SP,Sport - PE,0,1
2016,Coritiba - PR,Botafogo - RJ,2,0
2016,Grêmio - RS,Figueirense - SC,2,1
2016,São Paulo - SP,América - MG,1,0
2016,Vitória - BA,Fluminense - RJ,2,0
2016,Santa Cruz - PE,Internacional - RS,0,0
2016,Cruzeiro - MG,Atlético - PR,0,1
2016,Botafogo - RJ,Flamengo - RJ,2,0
2016,Santos - SP,Ponte Preta - SP,1,1
2016,América - MG,Santa Cruz - PE,1,1
2016,Figueirense - SC,Chapecoense - SC,1,2
2016,Atlético - PR,Vitória - BA,0,1
2016,Corinthians - SP,São Paulo - SP,3,0
2016,Internacional - RS,Palmeiras - SP,0,0
2016,Fluminense - RJ,Cruzeiro - MG,2,0
2016,Sport - PE,Grêmio - RS,2,2
2016,Atlético - MG,Coritiba - PR,0,1
2016,Corinthians - SP,Figueirense - SC,2,1
2016,Santa Cruz - PE,Coritiba - PR,2,1
2016,Palmeiras - SP,Atlético - MG,5,2
2016,Ponte Preta - SP,Internacional - RS,2,0
2016,Cruzeiro - MG,Sport - PE,2,0
2016,Grêmio - RS,São Paulo - SP,1,0
2016,Atlético - PR,Fluminense - RJ,0,0
2016,Chapecoense - SC,Botafogo - RJ,0,1
2016,Vitória - BA,Santos - SP,1,0
2016,Flamengo - RJ,América - MG,1,0
2016,Figueirense - SC,Vitória - BA,1,0
2016,Sport - PE,Atlético - PR,4,0
2016,Atlético - MG,Santa Cruz - PE,2,1
2016,Fluminense - RJ,Ponte Preta - SP,1,0
2016,São Paulo - SP,Chapecoense - SC,0,0
2016,Santos - SP,Cruzeiro - MG,1,0
2016,Internacional - RS,Corinthians - SP,0,1
2016,Coritiba - PR,Flamengo - RJ,2,1
2016,América - MG,Grêmio - RS,0,2
2016,Botafogo - RJ,Palmeiras - SP,0,1
2016,São Paulo - SP,Atlético - MG,1,0
2016,Cruzeiro - MG,Internacional - RS,2,0
2016,Vitória - BA,Coritiba - PR,1,1
2016,Fluminense - RJ,Figueirense - SC,0,1
2016,Sport - PE,América - MG,0,0
2016,Santos - SP,Flamengo - RJ,4,2
2016,Atlético - PR,Corinthians - SP,1,2
2016,Ponte Preta - SP,Botafogo - RJ,1,0
2016,Grêmio - RS,Santa Cruz - PE,1,1
2016,Chapecoense - SC,Palmeiras - SP,3,1
2016,Corinthians - SP,Cruzeiro - MG,0,1
2016,Flamengo - RJ,Atlético - PR,3,3
2016,América - MG,Santos - SP,2,0
2016,Figueirense - SC,Sport - PE,3,1
2016,Palmeiras - SP,Vitória - BA,1,1
2016,Coritiba - PR,Ponte Preta - SP,1,0
2016,Internacional - RS,Fluminense - RJ,0,0
2016,Santa Cruz - PE,São Paulo - SP,2,3
2016,Botafogo - RJ,Grêmio - RS,0,0
2016,Atlético - MG,Chapecoense - SC,0,0
2016,Vitória - BA,Santa Cruz - PE,2,4
2016,Ponte Preta - SP,Figueirense - SC,3,1
2016,Sport - PE,Flamengo - RJ,1,0
2016,Fluminense - RJ,América - MG,1,0
2016,Grêmio - RS,Corinthians - SP,3,0
2016,Santos - SP,Atlético - MG,2,1
2016,Cruzeiro - MG,Coritiba - PR,2,0
2016,São Paulo - SP,Botafogo - RJ,1,0
2016,Atlético - PR,Palmeiras - SP,1,1
2016,Chapecoense - SC,Internacional - RS,1,0
2016,Corinthians - SP,Vitória - BA,1,0
2016,América - MG,Chapecoense - SC,3,0
2016,Botafogo - RJ,Sport - PE,2,0
2016,Flamengo - RJ,Grêmio - RS,2,1
2016,Atlético - MG,Atlético - PR,2,0
2016,Palmeiras - SP,Ponte Preta - SP,0,0
2016,Internacional - RS,São Paulo - SP,3,0
2016,Santa Cruz - PE,Fluminense - RJ,2,0
2016,Figueirense - SC,Cruzeiro - MG,1,0
2016,Coritiba - PR,Santos - SP,3,1
2016,Ponte Preta - SP,Corinthians - SP,2,3
2016,Cruzeiro - MG,Santa Cruz - PE,0,0
2016,Santos - SP,Figueirense - SC,1,1
2016,Fluminense - RJ,Palmeiras - SP,2,2
2016,São Paulo - SP,Coritiba - PR,3,1
2016,Grêmio - RS,Atlético - MG,2,0
2016,Chapecoense - SC,Flamengo - RJ,3,1
2016,Vitória - BA,América - MG,0,0
2016,Sport - PE,Internacional - RS,1,1
2016,Atlético - PR,Botafogo - RJ,2,3
2016,Botafogo - RJ,Fluminense - RJ,1,1
2016,Figueirense - SC,Atlético - PR,1,0
2016,Santa Cruz - PE,Chapecoense - SC,3,2
2016,Atlético - MG,Vitória - BA,3,1
2016,Flamengo - RJ,Ponte Preta - SP,0,1
2016,Palmeiras - SP,São Paulo - SP,2,3
2016,Coritiba - PR,Grêmio - RS,2,1
2016,Corinthians - SP,Sport - PE,1,0
2016,Internacional - RS,Santos - SP,1,1
2016,América - MG,Cruzeiro - MG,6,0
2016,Vitória - BA,Flamengo - RJ,1,0
2016,São Paulo - SP,Figueirense - SC,0,0
2016,Chapecoense - SC,Coritiba - PR,2,2
2016,Santos - SP,Corinthians - SP,2,0
2016,Cruzeiro - MG,Botafogo - RJ,1,2
2016,Atlético - PR,Internacional - RS,3,2
2016,Sport - PE,Santa Cruz - PE,1,0
2016,Grêmio - RS,Palmeiras - SP,3,0
2016,Ponte Preta - SP,América - MG,1,0
2016,Fluminense - RJ,Atlético - MG,3,0
2016,Botafogo - RJ,Santos - SP,0,2
2016,Figueirense - SC,América - MG,0,0
2016,Ponte Preta - SP,Grêmio - RS,1,3
2016,Santa Cruz - PE,Atlético - PR,2,0
2016,Palmeiras - SP,Flamengo - RJ,1,0
2016,Coritiba - PR,Corinthians - SP,2,0
2016,Fluminense - RJ,Chapecoense - SC,2,1
2016,Atlético - MG,Sport - PE,4,2
2016,Internacional - RS,Vitória - BA,3,1
2016,São Paulo - SP,Cruzeiro - MG,1,1
2016,Corinthians - SP,Palmeiras - SP,0,1
2016,Chapecoense - SC,Ponte Preta - SP,1,1
2016,Santos - SP,Santa Cruz - PE,3,0
2016,Vitória - BA,Botafogo - RJ,4,2
2016,Cruzeiro - MG,Atlético - MG,1,0
2016,Grêmio - RS,Fluminense - RJ,2,1
2016,Atlético - PR,São Paulo - SP,2,1
2016,Sport - PE,Coritiba - PR,0,1
2016,Flamengo - RJ,Figueirense - SC,3,1
2016,América - MG,Internacional - RS,1,0
2016,Palmeiras - SP,Coritiba - PR,0,1
2016,Sport - PE,Santos - SP,0,0
2016,América - MG,Botafogo - RJ,1,0
2016,Figueirense - SC,Santa Cruz - PE,1,0
2016,Atlético - PR,Ponte Preta - SP,1,0
2016,Vitória - BA,São Paulo - SP,0,1
2016,Corinthians - SP,Fluminense - RJ,2,2
2016,Flamengo - RJ,Cruzeiro - MG,2,0
2016,Grêmio - RS,Chapecoense - SC,1,2
2016,Atlético - MG,Internacional - RS,5,0
2016,Botafogo - RJ,Corinthians - SP,3,0
2016,São Paulo - SP,Flamengo - RJ,1,2
2016,Ponte Preta - SP,Atlético - MG,1,1
2016,Chapecoense - SC,Vitória - BA,2,1
2016,Fluminense - RJ,Sport - PE,3,0
2016,Cruzeiro - MG,Grêmio - RS,1,0
2016,Coritiba - PR,América - MG,0,1
2016,Internacional - RS,Figueirense - SC,2,1
2016,Santos - SP,Atlético - PR,3,0
2016,Santa Cruz - PE,Palmeiras - SP,3,0
2016,Sport - PE,São Paulo - SP,1,1
2016,Atlético - PR,Chapecoense - SC,4,2
2016,Santos - SP,Fluminense - RJ,2,1
2016,Cruzeiro - MG,Ponte Preta - SP,1,3
2016,Corinthians - SP,Atlético - MG,2,1
2016,Internacional - RS,Coritiba - PR,1,0
2016,Figueirense - SC,Botafogo - RJ,0,1
2016,América - MG,Palmeiras - SP,1,2
2016,Flamengo - RJ,Santa Cruz - PE,4,0
2016,Vitória - BA,Grêmio - RS,0,0
2016,Chapecoense - SC,Sport - PE,2,0
2016,Fluminense - RJ,Flamengo - RJ,0,1
2016,Coritiba - PR,Figueirense - SC,2,1
2016,Botafogo - RJ,Internacional - RS,0,1
2016,Palmeiras - SP,Cruzeiro - MG,2,0
2016,Santa Cruz - PE,Corinthians - SP,1,1
2016,Ponte Preta - SP,Vitória - BA,1,1
2016,Atlético - MG,América - MG,1,0
2016,Grêmio - RS,Atlético - PR,0,1
2016,São Paulo - SP,Santos - SP,0,0
2016,Botafogo - RJ,Atlético - MG,2,1
2016,Internacional - RS,Flamengo - RJ,2,1
2016,Figueirense - SC,Palmeiras - SP,3,0
2016,Atlético - PR,Coritiba - PR,1,1
2016,Cruzeiro - MG,Chapecoense - SC,1,1
2016,Corinthians - SP,América - MG,3,2
2016,Ponte Preta - SP,Santa Cruz - PE,3,1
2016,Santos - SP,Grêmio - RS,2,0
2016,Sport - PE,Vitória - BA,1,1
2016,Fluminense - RJ,São Paulo - SP,1,1
2016,São Paulo - SP,Ponte Preta - SP,3,0
2016,Santa Cruz - PE,Botafogo - RJ,1,0
2016,América - MG,Atlético - PR,2,2
2016,Vitória - BA,Cruzeiro - MG,1,2
2016,Flamengo - RJ,Corinthians - SP,1,0
2016,Palmeiras - SP,Sport - PE,2,1
2016,Grêmio - RS,Internacional - RS,0,1
2016,Atlético - MG,Figueirense - SC,1,0
2016,Chapecoense - SC,Santos - SP,1,2
2016,Coritiba - PR,Fluminense - RJ,0,2
2016,Sport - PE,Ponte Preta - SP,0,2
2016,Fluminense - RJ,Vitória - BA,2,2
2016,Santos - SP,Palmeiras - SP,1,0
2016,Atlético - MG,Flamengo - RJ,0,2
2016,Atlético - PR,Cruzeiro - MG,1,0
2016,Botafogo - RJ,Coritiba - PR,3,1
2016,Internacional - RS,Santa Cruz - PE,1,2
2016,Corinthians - SP,Chapecoense - SC,4,1
2016,Figueirense - SC,Grêmio - RS,1,0
2016,América - MG,São Paulo - SP,3,0
2016,Vitória - BA,Atlético - PR,3,2
2016,Flamengo - RJ,Botafogo - RJ,1,0
2016,São Paulo - SP,Corinthians - SP,2,0
2016,Palmeiras - SP,Internacional - RS,0,1
2016,Cruzeiro - MG,Fluminense - RJ,0,1
2016,Grêmio - RS,Sport - PE,1,1
2016,Coritiba - PR,Atlético - MG,1,2
2016,Chapecoense - SC,Figueirense - SC,1,0
2016,Ponte Preta - SP,Santos - SP,0,3
2016,Santa Cruz - PE,América - MG,0,1
2016,Botafogo - RJ,Chapecoense - SC,0,1
2016,Fluminense - RJ,Atlético - PR,1,4
2016,São Paulo - SP,Grêmio - RS,1,1
2016,Santos - SP,Vitória - BA,0,2
2016,Atlético - MG,Palmeiras - SP,1,1
2016,Internacional - RS,Ponte Preta - SP,4,0
2016,Coritiba - PR,Santa Cruz - PE,1,1
2016,Figueirense - SC,Corinthians - SP,1,2
2016,América - MG,Flamengo - RJ,0,1
2016,Sport - PE,Cruzeiro - MG,0,1
2016,Atlético - PR,Sport - PE,1,1
2016,Vitória - BA,Figueirense - SC,2,2
2016,Palmeiras - SP,Botafogo - RJ,1,0
2016,Cruzeiro - MG,Santos - SP,0,1
2016,Grêmio - RS,América - MG,2,0
2016,Ponte Preta - SP,Fluminense - RJ,2,1
2016,Flamengo - RJ,Coritiba - PR,1,2
2016,Chapecoense - SC,São Paulo - SP,2,1
2016,Santa Cruz - PE,Atlético - MG,2,0
2016,Corinthians - SP,Internacional - RS,2,0
2016,Botafogo - RJ,Ponte Preta - SP,4,0
2016,América - MG,Sport - PE,5,2
2016,Corinthians - SP,Atlético - PR,1,1
2016,Flamengo - RJ,Santos - SP,2,0
2016,Palmeiras - SP,Chapecoense - SC,1,0
2016,Atlético - MG,São Paulo - SP,1,2
2016,Internacional - RS,Cruzeiro - MG,1,0
2016,Figueirense - SC,Fluminense - RJ,3,1
2016,Santa Cruz - PE,Grêmio - RS,2,2
2016,Coritiba - PR,Vitória - BA,1,1
2016,Vitória - BA,Palmeiras - SP,0,0
2016,Fluminense - RJ,Internacional - RS,1,0
2016,São Paulo - SP,Santa Cruz - PE,2,1
2016,Santos - SP,América - MG,1,1
2016,Cruzeiro - MG,Corinthians - SP,3,2
2016,Grêmio - RS,Botafogo - RJ,2,1
2016,Atlético - PR,Flamengo - RJ,0,1
2016,Chapecoense - SC,Atlético - MG,1,1
2016,Ponte Preta - SP,Coritiba - PR,1,2
2016,Sport - PE,Figueirense - SC,4,2
2017,Fluminense - RJ,Santos - SP,0,0
2017,Flamengo - RJ,Atlético - MG,3,0
2017,Palmeiras - SP,Vasco da Gama - RJ,3,0
2017,Corinthians - SP,Chapecoense - SC,1,1
2017,Cruzeiro - MG,São Paulo - SP,1,0
2017,Coritiba - PR,Atlético - GO,0,0
2017,Grêmio - RS,Botafogo - RJ,1,2
2017,Bahia - BA,Atlético - PR,1,0
2017,Ponte Preta - SP,Sport - PE,1,2
2017,Avaí - SC,Vitória - BA,0,0
2017,Botafogo - RJ,Ponte Preta - SP,2,2
2017,Vasco da Gama - RJ,Bahia - BA,2,1
2017,Santos - SP,Coritiba - PR,2,0
2017,São Paulo - SP,Avaí - SC,0,1
2017,Atlético - MG,Fluminense - RJ,0,0
2017,Atlético - PR,Grêmio - RS,1,1
2017,Sport - PE,Cruzeiro - MG,2,2
2017,Vitória - BA,Corinthians - SP,2,1
2017,Atlético - GO,Flamengo - RJ,0,2
2017,Chapecoense - SC,Palmeiras - SP,1,0
2017,Botafogo - RJ,Bahia - BA,4,2
2017,Vasco da Gama - RJ,Fluminense - RJ,1,2
2017,Santos - SP,Cruzeiro - MG,2,2
2017,São Paulo - SP,Palmeiras - SP,0,0
2017,Atlético - MG,Ponte Preta - SP,2,3
2017,Atlético - PR,Flamengo - RJ,0,1
2017,Sport - PE,Grêmio - RS,1,0
2017,Vitória - BA,Coritiba - PR,2,1
2017,Atlético - GO,Corinthians - SP,1,0
2017,Chapecoense - SC,Avaí - SC,0,1
2017,Fluminense - RJ,Vitória - BA,6,0
2017,Flamengo - RJ,Botafogo - RJ,2,0
2017,Palmeiras - SP,Atlético - MG,1,1
2017,Corinthians - SP,Santos - SP,2,0
2017,Cruzeiro - MG,Chapecoense - SC,0,1
2017,Coritiba - PR,Atlético - PR,2,1
2017,Grêmio - RS,Vasco da Gama - RJ,1,1
2017,Bahia - BA,Atlético - GO,2,1
2017,Ponte Preta - SP,São Paulo - SP,0,2
2017,Avaí - SC,Sport - PE,1,2
2017,Fluminense - RJ,Atlético - PR,0,2
2017,Vasco da Gama - RJ,Corinthians - SP,1,0
2017,Santos - SP,Botafogo - RJ,0,1
2017,São Paulo - SP,Vitória - BA,1,2
2017,Atlético - MG,Avaí - SC,1,1
2017,Coritiba - PR,Palmeiras - SP,3,2
2017,Sport - PE,Flamengo - RJ,0,1
2017,Bahia - BA,Cruzeiro - MG,1,0
2017,Atlético - GO,Ponte Preta - SP,0,0
2017,Chapecoense - SC,Grêmio - RS,2,0
2017,Botafogo - RJ,Coritiba - PR,1,1
2017,Vasco da Gama - RJ,Sport - PE,5,2
2017,Palmeiras - SP,Fluminense - RJ,1,1
2017,Corinthians - SP,São Paulo - SP,1,0
2017,Cruzeiro - MG,Atlético - GO,1,1
2017,Atlético - PR,Santos - SP,2,0
2017,Grêmio - RS,Bahia - BA,2,3
2017,Vitória - BA,Atlético - MG,2,1
2017,Ponte Preta - SP,Chapecoense - SC,1,0
2017,Avaí - SC,Flamengo - RJ,2,2
2017,Fluminense - RJ,Grêmio - RS,1,1
2017,Flamengo - RJ,Ponte Preta - SP,1,4
2017,Santos - SP,Palmeiras - SP,1,0
2017,Corinthians - SP,Cruzeiro - MG,0,0
2017,Atlético - MG,Atlético - PR,2,0
2017,Coritiba - PR,Bahia - BA,0,0
2017,Sport - PE,São Paulo - SP,0,1
2017,Vitória - BA,Botafogo - RJ,1,3
2017,Atlético - GO,Avaí - SC,0,1
2017,Chapecoense - SC,Vasco da Gama - RJ,2,0
2017,Fluminense - RJ,Flamengo - RJ,1,1
2017,Vasco da Gama - RJ,Avaí - SC,0,0
2017,Santos - SP,Ponte Preta - SP,1,0
2017,São Paulo - SP,Atlético - MG,0,2
2017,Cruzeiro - MG,Grêmio - RS,2,2
2017,Coritiba - PR,Corinthians - SP,2,0
2017,Sport - PE,Vitória - BA,0,2
2017,Bahia - BA,Palmeiras - SP,2,0
2017,Atlético - GO,Atlético - PR,1,0
2017,Chapecoense - SC,Botafogo - RJ,0,0
2017,Botafogo - RJ,Vasco da Gama - RJ,1,0
2017,Flamengo - RJ,Chapecoense - SC,1,1
2017,Palmeiras - SP,Atlético - GO,2,1
2017,Corinthians - SP,Bahia - BA,2,0
2017,Atlético - MG,Sport - PE,3,0
2017,Atlético - PR,São Paulo - SP,3,0
2017,Grêmio - RS,Coritiba - PR,0,1
2017,Vitória - BA,Santos - SP,0,0
2017,Ponte Preta - SP,Cruzeiro - MG,1,3
2017,Avaí - SC,Fluminense - RJ,2,1
2017,Botafogo - RJ,Avaí - SC,1,2
2017,Vasco da Gama - RJ,Atlético - GO,1,0
2017,Santos - SP,Sport - PE,2,1
2017,São Paulo - SP,Fluminense - RJ,2,0
2017,Cruzeiro - MG,Coritiba - PR,0,2
2017,Atlético - PR,Vitória - BA,3,1
2017,Grêmio - RS,Corinthians - SP,0,2
2017,Bahia - BA,Flamengo - RJ,0,0
2017,Ponte Preta - SP,Palmeiras - SP,3,2
2017,Chapecoense - SC,Atlético - MG,1,1
2017,Fluminense - RJ,Chapecoense - SC,1,0
2017,Flamengo - RJ,São Paulo - SP,1,0
2017,Palmeiras - SP,Grêmio - RS,0,1
2017,Corinthians - SP,Botafogo - RJ,1,2
2017,Atlético - MG,Cruzeiro - MG,2,0
2017,Coritiba - PR,Vasco da Gama - RJ,1,1
2017,Sport - PE,Atlético - PR,0,0
2017,Vitória - BA,Bahia - BA,4,0
2017,Atlético - GO,Santos - SP,0,1
2017,Avaí - SC,Ponte Preta - SP,0,0
2017,Botafogo - RJ,Atlético - MG,1,0
2017,Vasco da Gama - RJ,Flamengo - RJ,2,1
2017,Santos - SP,São Paulo - SP,2,0
2017,Corinthians - SP,Ponte Preta - SP,3,0
2017,Cruzeiro - MG,Palmeiras - SP,0,3
2017,Coritiba - PR,Sport - PE,5,0
2017,Grêmio - RS,Avaí - SC,0,1
2017,Bahia - BA,Fluminense - RJ,2,3
2017,Atlético - GO,Vitória - BA,1,3
2017,Chapecoense - SC,Atlético - PR,2,1
2017,Fluminense - RJ,Botafogo - RJ,1,1
2017,Flamengo - RJ,Grêmio - RS,2,0
2017,Palmeiras - SP,Corinthians - SP,1,1
2017,São Paulo - SP,Atlético - GO,1,1
2017,Atlético - MG,Santos - SP,0,0
2017,Atlético - PR,Cruzeiro - MG,3,1
2017,Sport - PE,Chapecoense - SC,2,1
2017,Vitória - BA,Vasco da Gama - RJ,1,0
2017,Ponte Preta - SP,Bahia - BA,3,0
2017,Avaí - SC,Coritiba - PR,1,0
2017,Botafogo - RJ,Sport - PE,1,0
2017,Vasco da Gama - RJ,Santos - SP,1,1
2017,Palmeiras - SP,Vitória - BA,3,1
2017,Corinthians - SP,Atlético - PR,0,1
2017,Cruzeiro - MG,Flamengo - RJ,2,0
2017,Coritiba - PR,Fluminense - RJ,2,1
2017,Grêmio - RS,Ponte Preta - SP,1,0
2017,Bahia - BA,Avaí - SC,2,0
2017,Atlético - GO,Atlético - MG,0,0
2017,Chapecoense - SC,São Paulo - SP,0,1
2017,Fluminense - RJ,Cruzeiro - MG,2,0
2017,Flamengo - RJ,Palmeiras - SP,1,1
2017,Santos - SP,Chapecoense - SC,1,1
2017,São Paulo - SP,Vasco da Gama - RJ,1,2
2017,Atlético - MG,Bahia - BA,0,1
2017,Atlético - PR,Botafogo - RJ,3,0
2017,Sport - PE,Atlético - GO,0,0
2017,Vitória - BA,Grêmio - RS,2,0
2017,Ponte Preta - SP,Coritiba - PR,2,2
2017,Avaí - SC,Corinthians - SP,0,1
2017,Vitória - BA,Chapecoense - SC,2,1
2017,Santos - SP,Bahia - BA,2,1
2017,Flamengo - RJ,Coritiba - PR,5,2
2017,Atlético - PR,Ponte Preta - SP,2,0
2017,Fluminense - RJ,Corinthians - SP,2,0
2017,Sport - PE,Palmeiras - SP,1,0
2017,Atlético - GO,Botafogo - RJ,0,0
2017,Avaí - SC,Cruzeiro - MG,0,1
2017,Atlético - MG,Vasco da Gama - RJ,1,0
2017,São Paulo - SP,Grêmio - RS,1,0
2017,Botafogo - RJ,São Paulo - SP,1,0
2017,Palmeiras - SP,Avaí - SC,4,0
2017,Cruzeiro - MG,Vitória - BA,2,1
2017,Chapecoense - SC,Atlético - GO,1,0
2017,Corinthians - SP,Flamengo - RJ,0,0
2017,Coritiba - PR,Atlético - MG,1,0
2017,Bahia - BA,Sport - PE,0,1
2017,Ponte Preta - SP,Fluminense - RJ,2,1
2017,Grêmio - RS,Santos - SP,0,2
2017,Vasco da Gama - RJ,Atlético - PR,0,1
2017,Sport - PE,Fluminense - RJ,1,0
2017,Chapecoense - SC,Bahia - BA,2,0
2017,Atlético - MG,Corinthians - SP,1,1
2017,Vitória - BA,Ponte Preta - SP,0,1
2017,Botafogo - RJ,Palmeiras - SP,0,0
2017,Santos - SP,Flamengo - RJ,4,2
2017,Atlético - GO,Grêmio - RS,1,2
2017,São Paulo - SP,Coritiba - PR,1,0
2017,Atlético - PR,Avaí - SC,1,1
2017,Vasco da Gama - RJ,Cruzeiro - MG,3,1
2017,Corinthians - SP,Sport - PE,0,1
2017,Flamengo - RJ,Vitória - BA,3,3
2017,Palmeiras - SP,Atlético - PR,2,0
2017,Cruzeiro - MG,Botafogo - RJ,3,1
2017,Coritiba - PR,Chapecoense - SC,1,1
2017,Grêmio - RS,Atlético - MG,1,0
2017,Bahia - BA,São Paulo - SP,0,0
2017,Ponte Preta - SP,Vasco da Gama - RJ,2,3
2017,Avaí - SC,Santos - SP,0,0
2017,Fluminense - RJ,Atlético - GO,0,0
2017,Atlético - GO,Coritiba - PR,2,4
2017,Vitória - BA,Avaí - SC,3,1
2017,São Paulo - SP,Cruzeiro - MG,1,0
2017,Vasco da Gama - RJ,Palmeiras - SP,1,0
2017,Santos - SP,Fluminense - RJ,3,0
2017,Atlético - MG,Flamengo - RJ,2,1
2017,Atlético - PR,Bahia - BA,2,0
2017,Botafogo - RJ,Grêmio - RS,1,0
2017,Sport - PE,Ponte Preta - SP,1,1
2017,Chapecoense - SC,Corinthians - SP,1,0
2017,Corinthians - SP,Vitória - BA,1,0
2017,Flamengo - RJ,Atlético - GO,3,0
2017,Ponte Preta - SP,Botafogo - RJ,2,0
2017,Cruzeiro - MG,Sport - PE,2,1
2017,Bahia - BA,Vasco da Gama - RJ,2,0
2017,Avaí - SC,São Paulo - SP,0,0
2017,Grêmio - RS,Atlético - PR,3,0
2017,Palmeiras - SP,Chapecoense - SC,2,0
2017,Coritiba - PR,Santos - SP,1,0
2017,Fluminense - RJ,Atlético - MG,3,1
2017,Fluminense - RJ,Vasco da Gama - RJ,2,3
2017,Corinthians - SP,Atlético - GO,0,0
2017,Grêmio - RS,Sport - PE,1,1
2017,Avaí - SC,Chapecoense - SC,2,2
2017,Flamengo - RJ,Atlético - PR,3,1
2017,Palmeiras - SP,São Paulo - SP,2,0
2017,Bahia - BA,Botafogo - RJ,3,1
2017,Ponte Preta - SP,Atlético - MG,0,0
2017,Cruzeiro - MG,Santos - SP,1,1
2017,Coritiba - PR,Vitória - BA,2,3
2017,Atlético - MG,Palmeiras - SP,1,1
2017,São Paulo - SP,Ponte Preta - SP,1,0
2017,Atlético - PR,Coritiba - PR,3,2
2017,Vasco da Gama - RJ,Grêmio - RS,3,1
2017,Santos - SP,Corinthians - SP,0,1
2017,Sport - PE,Avaí - SC,2,3
2017,Vitória - BA,Fluminense - RJ,2,1
2017,Botafogo - RJ,Flamengo - RJ,1,0
2017,Chapecoense - SC,Cruzeiro - MG,1,1
2017,Atlético - GO,Bahia - BA,6,0
2017,Ponte Preta - SP,Atlético - GO,1,0
2017,Botafogo - RJ,Santos - SP,0,0
2017,Palmeiras - SP,Coritiba - PR,2,2
2017,Grêmio - RS,Chapecoense - SC,2,0
2017,Flamengo - RJ,Sport - PE,1,2
2017,Corinthians - SP,Vasco da Gama - RJ,3,2
2017,Vitória - BA,São Paulo - SP,1,0
2017,Avaí - SC,Atlético - MG,3,0
2017,Atlético - PR,Fluminense - RJ,1,0
2017,Cruzeiro - MG,Bahia - BA,3,0
2017,Flamengo - RJ,Avaí - SC,0,2
2017,Santos - SP,Atlético - PR,0,0
2017,São Paulo - SP,Corinthians - SP,1,3
2017,Fluminense - RJ,Palmeiras - SP,2,0
2017,Coritiba - PR,Botafogo - RJ,1,0
2017,Atlético - GO,Cruzeiro - MG,2,0
2017,Chapecoense - SC,Ponte Preta - SP,2,1
2017,Atlético - MG,Vitória - BA,4,2
2017,Bahia - BA,Grêmio - RS,3,1
2017,Sport - PE,Vasco da Gama - RJ,1,1
2017,Vasco da Gama - RJ,Chapecoense - SC,0,1
2017,Bahia - BA,Coritiba - PR,1,1
2017,Palmeiras - SP,Santos - SP,3,0
2017,Botafogo - RJ,Vitória - BA,4,2
2017,São Paulo - SP,Sport - PE,1,0
2017,Cruzeiro - MG,Corinthians - SP,2,1
2017,Avaí - SC,Atlético - GO,2,1
2017,Grêmio - RS,Fluminense - RJ,0,1
2017,Atlético - PR,Atlético - MG,3,1
2017,Ponte Preta - SP,Flamengo - RJ,1,0
2017,Cruzeiro - MG,Ponte Preta - SP,0,1
2017,Botafogo - RJ,Chapecoense - SC,0,0
2017,Atlético - PR,Atlético - GO,1,0
2017,Corinthians - SP,Coritiba - PR,1,0
2017,Atlético - MG,São Paulo - SP,1,0
2017,Grêmio - RS,Cruzeiro - MG,0,1
2017,Avaí - SC,Vasco da Gama - RJ,2,2
2017,Flamengo - RJ,Fluminense - RJ,2,0
2017,Vitória - BA,Sport - PE,1,2
2017,Ponte Preta - SP,Santos - SP,5,0
2017,Palmeiras - SP,Bahia - BA,3,0
2017,Vasco da Gama - RJ,Botafogo - RJ,1,2
2017,São Paulo - SP,Atlético - PR,1,1
2017,Fluminense - RJ,Avaí - SC,2,1
2017,Sport - PE,Atlético - MG,3,0
2017,Atlético - GO,Palmeiras - SP,1,0
2017,Chapecoense - SC,Flamengo - RJ,0,1
2017,Coritiba - PR,Grêmio - RS,2,1
2017,Bahia - BA,Corinthians - SP,3,0
2017,Santos - SP,Vitória - BA,3,0
2017,Atlético - GO,Vasco da Gama - RJ,1,1
2017,Coritiba - PR,Cruzeiro - MG,4,2
2017,Atlético - MG,Chapecoense - SC,2,1
2017,Corinthians - SP,Grêmio - RS,1,3
2017,Fluminense - RJ,São Paulo - SP,2,1
2017,Avaí - SC,Botafogo - RJ,1,0
2017,Palmeiras - SP,Ponte Preta - SP,0,1
2017,Vitória - BA,Atlético - PR,1,2
2017,Flamengo - RJ,Bahia - BA,4,0
2017,Sport - PE,Santos - SP,0,0
2017,Botafogo - RJ,Corinthians - SP,2,0
2017,São Paulo - SP,Flamengo - RJ,0,1
2017,Cruzeiro - MG,Atlético - MG,2,1
2017,Grêmio - RS,Palmeiras - SP,0,1
2017,Vasco da Gama - RJ,Coritiba - PR,2,0
2017,Bahia - BA,Vitória - BA,1,1
2017,Santos - SP,Atlético - GO,1,1
2017,Ponte Preta - SP,Avaí - SC,1,0
2017,Chapecoense - SC,Fluminense - RJ,0,1
2017,Atlético - PR,Sport - PE,0,0
2017,São Paulo - SP,Santos - SP,2,1
2017,Flamengo - RJ,Vasco da Gama - RJ,2,1
2017,Atlético - PR,Chapecoense - SC,3,0
2017,Fluminense - RJ,Bahia - BA,1,1
2017,Atlético - MG,Botafogo - RJ,1,1
2017,Ponte Preta - SP,Corinthians - SP,3,2
2017,Sport - PE,Coritiba - PR,3,1
2017,Vitória - BA,Atlético - GO,2,0
2017,Avaí - SC,Grêmio - RS,1,1
2017,Palmeiras - SP,Cruzeiro - MG,1,1
2017,Santos - SP,Atlético - MG,3,0
2017,Botafogo - RJ,Fluminense - RJ,1,0
2017,Coritiba - PR,Avaí - SC,2,2
2017,Corinthians - SP,Palmeiras - SP,1,2
2017,Grêmio - RS,Flamengo - RJ,1,0
2017,Chapecoense - SC,Sport - PE,2,1
2017,Cruzeiro - MG,Atlético - PR,0,1
2017,Bahia - BA,Ponte Preta - SP,1,0
2017,Vasco da Gama - RJ,Vitória - BA,1,2
2017,Atlético - GO,São Paulo - SP,0,2
2017,Avaí - SC,Bahia - BA,0,2
2017,Ponte Preta - SP,Grêmio - RS,2,2
2017,Sport - PE,Botafogo - RJ,1,0
2017,Atlético - PR,Corinthians - SP,0,2
2017,Flamengo - RJ,Cruzeiro - MG,1,0
2017,Santos - SP,Vasco da Gama - RJ,3,1
2017,Vitória - BA,Palmeiras - SP,1,2
2017,São Paulo - SP,Chapecoense - SC,4,1
2017,Atlético - MG,Atlético - GO,1,0
2017,Fluminense - RJ,Coritiba - PR,3,0
2017,Botafogo - RJ,Atlético - PR,3,2
2017,Corinthians - SP,Avaí - SC,1,0
2017,Vasco da Gama - RJ,São Paulo - SP,2,0
2017,Palmeiras - SP,Flamengo - RJ,0,1
2017,Atlético - GO,Sport - PE,0,1
2017,Grêmio - RS,Vitória - BA,1,1
2017,Bahia - BA,Atlético - MG,1,2
2017,Cruzeiro - MG,Fluminense - RJ,1,0
2017,Coritiba - PR,Ponte Preta - SP,0,3
2017,Chapecoense - SC,Santos - SP,0,1
2017,Ponte Preta - SP,Atlético - PR,0,1
2017,Grêmio - RS,São Paulo - SP,1,4
2017,Cruzeiro - MG,Avaí - SC,1,1
2017,Vasco da Gama - RJ,Atlético - MG,0,2
2017,Corinthians - SP,Fluminense - RJ,1,1
2017,Botafogo - RJ,Atlético - GO,4,0
2017,Palmeiras - SP,Sport - PE,1,1
2017,Chapecoense - SC,Vitória - BA,1,2
2017,Coritiba - PR,Flamengo - RJ,0,1
2017,Bahia - BA,Santos - SP,0,1
2017,Fluminense - RJ,Ponte Preta - SP,1,1
2017,Flamengo - RJ,Corinthians - SP,2,2
2017,São Paulo - SP,Botafogo - RJ,1,0
2017,Vitória - BA,Cruzeiro - MG,0,1
2017,Atlético - GO,Chapecoense - SC,2,0
2017,Sport - PE,Bahia - BA,2,1
2017,Atlético - MG,Coritiba - PR,1,2
2017,Santos - SP,Grêmio - RS,2,1
2017,Atlético - PR,Vasco da Gama - RJ,2,0
2017,Avaí - SC,Palmeiras - SP,2,0
2017,Fluminense - RJ,Sport - PE,4,0
2017,Grêmio - RS,Atlético - GO,5,2
2017,Avaí - SC,Atlético - PR,1,1
2017,Corinthians - SP,Atlético - MG,2,0
2017,Cruzeiro - MG,Vasco da Gama - RJ,1,0
2017,Coritiba - PR,São Paulo - SP,1,2
2017,Ponte Preta - SP,Vitória - BA,1,0
2017,Flamengo - RJ,Santos - SP,3,1
2017,Bahia - BA,Chapecoense - SC,2,2
2017,Palmeiras - SP,Botafogo - RJ,1,1
2017,Botafogo - RJ,Cruzeiro - MG,0,0
2017,Vasco da Gama - RJ,Ponte Preta - SP,1,0
2017,Santos - SP,Avaí - SC,2,1
2017,São Paulo - SP,Bahia - BA,1,1
2017,Atlético - MG,Grêmio - RS,3,2
2017,Atlético - PR,Palmeiras - SP,2,1
2017,Sport - PE,Corinthians - SP,0,1
2017,Vitória - BA,Flamengo - RJ,1,1
2017,Atlético - GO,Fluminense - RJ,1,2
2017,Chapecoense - SC,Coritiba - PR,4,2
2018,Cruzeiro - MG,Grêmio - RS,0,1
2018,Atlético - PR,Chapecoense - SC,5,1
2018,América - MG,Sport - PE,3,0
2018,Vitória - BA,Flamengo - RJ,2,2
2018,Vasco da Gama - RJ,Atlético - MG,2,1
2018,Botafogo - RJ,Palmeiras - SP,1,1
2018,São Paulo - SP,Paraná - PR,1,0
2018,Santos - SP,Ceará - CE,2,0
2018,Corinthians - SP,Fluminense - RJ,2,1
2018,Internacional - RS,Bahia - BA,2,0
2018,Atlético - MG,Vitória - BA,2,1
2018,Paraná - PR,Corinthians - SP,0,4
2018,Chapecoense - SC,Vasco da Gama - RJ,1,1
2018,Bahia - BA,Santos - SP,1,0
2018,Fluminense - RJ,Cruzeiro - MG,1,0
2018,Flamengo - RJ,América - MG,2,0
2018,Ceará - CE,São Paulo - SP,0,0
2018,Sport - PE,Botafogo - RJ,1,1
2018,Palmeiras - SP,Internacional - RS,1,0
2018,Grêmio - RS,Atlético - PR,0,0
2018,Atlético - MG,Corinthians - SP,1,0
2018,Paraná - PR,Sport - PE,1,2
2018,América - MG,Vitória - BA,2,1
2018,Bahia - BA,Atlético - PR,0,0
2018,Fluminense - RJ,São Paulo - SP,1,1
2018,Botafogo - RJ,Grêmio - RS,2,1
2018,Ceará - CE,Flamengo - RJ,0,3
2018,Santos - SP,Vasco da Gama - RJ,1,1
2018,Palmeiras - SP,Chapecoense - SC,0,0
2018,Internacional - RS,Cruzeiro - MG,0,0
2018,Cruzeiro - MG,Botafogo - RJ,1,0
2018,Atlético - PR,Palmeiras - SP,1,3
2018,Chapecoense - SC,Paraná - PR,1,1
2018,Vitória - BA,Fluminense - RJ,1,2
2018,Vasco da Gama - RJ,América - MG,4,1
2018,Flamengo - RJ,Internacional - RS,2,0
2018,São Paulo - SP,Atlético - MG,2,2
2018,Sport - PE,Bahia - BA,2,0
2018,Corinthians - SP,Ceará - CE,1,1
2018,Grêmio - RS,Santos - SP,5,1
2018,Cruzeiro - MG,Sport - PE,2,0
2018,Atlético - PR,Atlético - MG,1,2
2018,Chapecoense - SC,Flamengo - RJ,3,2
2018,Bahia - BA,São Paulo - SP,2,2
2018,Vasco da Gama - RJ,Vitória - BA,2,3
2018,Botafogo - RJ,Fluminense - RJ,2,1
2018,Ceará - CE,América - MG,2,2
2018,Santos - SP,Paraná - PR,3,1
2018,Corinthians - SP,Palmeiras - SP,1,0
2018,Grêmio - RS,Internacional - RS,0,0
2018,Atlético - MG,Cruzeiro - MG,1,0
2018,Paraná - PR,Grêmio - RS,0,0
2018,América - MG,Botafogo - RJ,1,0
2018,Vitória - BA,Ceará - CE,2,1
2018,Fluminense - RJ,Atlético - PR,2,0
2018,Flamengo - RJ,Vasco da Gama - RJ,1,1
2018,São Paulo - SP,Santos - SP,1,0
2018,Sport - PE,Corinthians - SP,1,1
2018,Palmeiras - SP,Bahia - BA,3,0
2018,Internacional - RS,Chapecoense - SC,3,0
2018,Atlético - MG,Flamengo - RJ,0,1
2018,Paraná - PR,Atlético - PR,0,0
2018,América - MG,São Paulo - SP,1,3
2018,Bahia - BA,Vasco da Gama - RJ,3,0
2018,Fluminense - RJ,Chapecoense - SC,3,1
2018,Botafogo - RJ,Vitória - BA,1,1
2018,Ceará - CE,Grêmio - RS,0,1
2018,Santos - SP,Cruzeiro - MG,0,1
2018,Palmeiras - SP,Sport - PE,2,3
2018,Internacional - RS,Corinthians - SP,2,1
2018,Cruzeiro - MG,Palmeiras - SP,1,0
2018,Atlético - PR,Santos - SP,2,0
2018,Chapecoense - SC,Ceará - CE,2,0
2018,Vitória - BA,Internacional - RS,2,3
2018,Vasco da Gama - RJ,Paraná - PR,1,0
2018,Flamengo - RJ,Bahia - BA,2,0
2018,São Paulo - SP,Botafogo - RJ,3,2
2018,Sport - PE,Atlético - MG,3,2
2018,Corinthians - SP,América - MG,1,0
2018,Grêmio - RS,Fluminense - RJ,0,0
2018,Atlético - MG,Chapecoense - SC,3,3
2018,Paraná - PR,Fluminense - RJ,2,1
2018,América - MG,Atlético - PR,3,1
2018,Bahia - BA,Grêmio - RS,0,2
2018,Vasco da Gama - RJ,Botafogo - RJ,1,2
2018,Flamengo - RJ,Corinthians - SP,1,0
2018,Ceará - CE,Cruzeiro - MG,0,1
2018,Santos - SP,Vitória - BA,5,2
2018,Palmeiras - SP,São Paulo - SP,3,1
2018,Internacional - RS,Sport - PE,0,0
2018,Cruzeiro - MG,Vasco da Gama - RJ,1,1
2018,Paraná - PR,Bahia - BA,1,0
2018,América - MG,Atlético - MG,1,3
2018,Vitória - BA,Chapecoense - SC,1,0
2018,Fluminense - RJ,Flamengo - RJ,0,2
2018,Botafogo - RJ,Ceará - CE,0,0
2018,São Paulo - SP,Internacional - RS,0,0
2018,Sport - PE,Atlético - PR,1,0
2018,Corinthians - SP,Santos - SP,1,1
2018,Grêmio - RS,Palmeiras - SP,0,2
2018,Atlético - MG,Fluminense - RJ,5,2
2018,Atlético - PR,São Paulo - SP,0,1
2018,Chapecoense - SC,Cruzeiro - MG,2,0
2018,Bahia - BA,Botafogo - RJ,3,3
2018,Vasco da Gama - RJ,Sport - PE,3,2
2018,Flamengo - RJ,Paraná - PR,2,0
2018,Ceará - CE,Palmeiras - SP,2,2
2018,Santos - SP,Internacional - RS,1,2
2018,Corinthians - SP,Vitória - BA,0,0
2018,Grêmio - RS,América - MG,1,0
2018,Atlético - MG,Ceará - CE,2,1
2018,Paraná - PR,Cruzeiro - MG,1,1
2018,América - MG,Chapecoense - SC,0,0
2018,Bahia - BA,Corinthians - SP,1,0
2018,Fluminense - RJ,Santos - SP,0,1
2018,Botafogo - RJ,Atlético - PR,2,0
2018,São Paulo - SP,Vitória - BA,3,0
2018,Sport - PE,Grêmio - RS,0,0
2018,Palmeiras - SP,Flamengo - RJ,1,1
2018,Internacional - RS,Vasco da Gama - RJ,3,1
2018,Cruzeiro - MG,América - MG,3,1
2018,Atlético - PR,Internacional - RS,2,2
2018,Chapecoense - SC,Bahia - BA,1,1
2018,Vitória - BA,Paraná - PR,1,0
2018,Vasco da Gama - RJ,Fluminense - RJ,1,1 
2018,Flamengo - RJ,São Paulo - SP,0,1
2018,Ceará - CE,Sport - PE,1,0
2018,Santos - SP,Palmeiras - SP,1,1
2018,Corinthians - SP,Botafogo - RJ,2,0
2018,Grêmio - RS,Atlético - MG,2,0
2018,Cruzeiro - MG,Atlético - PR,2,1
2018,Paraná - PR,América - MG,1,0
2018,Chapecoense - SC,Santos - SP,0,0
2018,Bahia - BA,Vitória - BA,4,1
2018,Vasco da Gama - RJ,Grêmio - RS,1,0
2018,Flamengo - RJ,Botafogo - RJ,2,0
2018,São Paulo - SP,Corinthians - SP,3,1
2018,Sport - PE,Fluminense - RJ,1,2
2018,Palmeiras - SP,Atlético - MG,3,2
2018,Internacional - RS,Ceará - CE,1,0
2018,Atlético - MG,Paraná - PR,2,0
2018,Atlético - PR,Vasco da Gama - RJ,1,0
2018,América - MG,Internacional - RS,2,1
2018,Vitória - BA,Sport - PE,1,0
2018,Fluminense - RJ,Palmeiras - SP,1,0
2018,Botafogo - RJ,Chapecoense - SC,1,0
2018,Ceará - CE,Bahia - BA,0,2
2018,Santos - SP,Flamengo - RJ,1,1
2018,Corinthians - SP,Cruzeiro - MG,2,0
2018,Grêmio - RS,São Paulo - SP,2,1
2018,Cruzeiro - MG,São Paulo - SP,0,2
2018,Atlético - PR,Vitória - BA,4,0
2018,Chapecoense - SC,Grêmio - RS,1,1
2018,Bahia - BA,Atlético - MG,2,2
2018,Vasco da Gama - RJ,Corinthians - SP,1,4
2018,Flamengo - RJ,Sport - PE,4,1
2018,Ceará - CE,Fluminense - RJ,1,0
2018,Santos - SP,América - MG,0,1
2018,Palmeiras - SP,Paraná - PR,3,0
2018,Internacional - RS,Botafogo - RJ,3,0
2018,Atlético - MG,Internacional - RS,0,1
2018,Paraná - PR,Ceará - CE,0,1
2018,América - MG,Palmeiras - SP,0,0
2018,Vitória - BA,Cruzeiro - MG,1,1
2018,Fluminense - RJ,Bahia - BA,1,1
2018,Botafogo - RJ,Santos - SP,0,0
2018,São Paulo - SP,Vasco da Gama - RJ,2,1
2018,Sport - PE,Chapecoense - SC,1,1
2018,Corinthians - SP,Atlético - PR,0,0
2018,Grêmio - RS,Flamengo - RJ,2,0
2018,Atlético - MG,Santos - SP,3,0
2018,Paraná - PR,Botafogo - RJ,1,1 
2018,Chapecoense - SC,Corinthians - SP,2,1
2018,Bahia - BA,América - MG,1,0
2018,Fluminense - RJ,Internacional - RS,0,3
2018,Flamengo - RJ,Cruzeiro - MG,1,0
2018,Ceará - CE,Atlético - PR,0,0
2018,Sport - PE,São Paulo - SP,1,3
2018,Palmeiras - SP,Vasco da Gama - RJ,1,0
2018,Grêmio - RS,Vitória - BA,4,0
2018,Cruzeiro - MG,Bahia - BA,1,1
2018,Atlético - PR,Flamengo - RJ,3,0
2018,América - MG,Fluminense - RJ,0,0
2018,Vitória - BA,Palmeiras - SP,0,3
2018,Vasco da Gama - RJ,Ceará - CE,1,1
2018,Botafogo - RJ,Atlético - MG,0,3
2018,São Paulo - SP,Chapecoense - SC,2,0
2018,Santos - SP,Sport - PE,3,0
2018,Corinthians - SP,Grêmio - RS,0,1
2018,Internacional - RS,Paraná - PR,1,0
2018,Ceará - CE,Santos - SP,1,1
2018,Bahia - BA,Internacional - RS,0,1
2018,Paraná - PR,São Paulo - SP,1,1
2018,Palmeiras - SP,Botafogo - RJ,2,0
2018,Sport - PE,América - MG,0,2
2018,Grêmio - RS,Cruzeiro - MG,1,1
2018,Fluminense - RJ,Corinthians - SP,1,0
2018,Flamengo - RJ,Vitória - BA,1,0
2018,Atlético - MG,Vasco da Gama - RJ,0,0
2018,Chapecoense - SC,Atlético - PR,2,1
2018,Santos - SP,Bahia - BA,2,0 
2018,Atlético - PR,Grêmio - RS,2,1 
2018,Corinthians - SP,Paraná - PR,1,0 
2018,Cruzeiro - MG,Fluminense - RJ,2,1
2018,Botafogo - RJ,Sport - PE,2,0
2018,São Paulo - SP,Ceará - CE,1,0
2018,América - MG,Flamengo - RJ,2,2
2018,Vitória - BA,Atlético - MG,1,0 
2018,Internacional - RS,Palmeiras - SP,0,0 
2018,Vasco da Gama - RJ,Chapecoense - SC,3,1
2018,Vitória - BA,América - MG,1,0
2018,Grêmio - RS,Botafogo - RJ,4,0
2018,Vasco da Gama - RJ,Santos - SP,0,3
2018,Corinthians - SP,Atlético - MG,1,1
2018,Flamengo - RJ,Ceará - CE,1,1
2018,Atlético - PR,Bahia - BA,2,0
2018,São Paulo - SP,Fluminense - RJ,1,1
2018,Sport - PE,Paraná - PR,1,0
2018,Cruzeiro - MG,Internacional - RS,0,0
2018,Chapecoense - SC,Palmeiras - SP,1,2
2018,Bahia - BA,Sport - PE,2,0
2018,Botafogo - RJ,Cruzeiro - MG,1,1
2018,Ceará - CE,Corinthians - SP,2,1
2018,Paraná - PR,Chapecoense - SC,1,1
2018,Palmeiras - SP,Atlético - PR,2,0
2018,Atlético - MG,São Paulo - SP,1,0
2018,Internacional - RS,Flamengo - RJ,2,1
2018,Fluminense - RJ,Vitória - BA,0,0
2018,Santos - SP,Grêmio - RS,0,0
2018,América - MG,Vasco da Gama - RJ,2,1
2018,Sport - PE,Cruzeiro - MG,0,0
2018,São Paulo - SP,Bahia - BA,1,0
2018,Flamengo - RJ,Chapecoense - SC,2,0
2018,América - MG,Ceará - CE,0,0
2018,Fluminense - RJ,Botafogo - RJ,1,0 
2018,Palmeiras - SP,Corinthians - SP,1,0 
2018,Internacional - RS,Grêmio - RS,1,0
2018,Paraná - PR,Santos - SP,0,2
2018,Vitória - BA,Vasco da Gama - RJ,1,0
2018,Atlético - MG,Atlético - PR,3,1
2018,Ceará - CE,Vitória - BA,2,0
2018,Grêmio - RS,Paraná - PR,2,0
2018,Vasco da Gama - RJ,Flamengo - RJ,1,1
2018,Botafogo - RJ,América - MG,1,0
2018,Cruzeiro - MG,Atlético - MG,0,0
2018,Atlético - PR,Fluminense - RJ,3,1
2018,Bahia - BA,Palmeiras - SP,1,1
2018,Santos - SP,São Paulo - SP,0,0
2018,Corinthians - SP,Sport - PE,2,1
2018,Chapecoense - SC,Internacional - RS,2,1
2018,São Paulo - SP,América - MG,1,1
2018,Grêmio - RS,Ceará - CE,3,2
2018,Atlético - PR,Paraná - PR,3,0
2018,Flamengo - RJ,Atlético - MG,2,1
2018,Corinthians - SP,Internacional - RS,1,1
2018,Vitória - BA,Botafogo - RJ,3,4
2018,Sport - PE,Palmeiras - SP,0,1
2018,Cruzeiro - MG,Santos - SP,2,1
2018,Chapecoense - SC,Fluminense - RJ,1,2
2018,Vasco da Gama - RJ,Bahia - BA,2,1
2018,Fluminense - RJ,Grêmio - RS,0,1
2018,América - MG,Corinthians - SP,0,0
2018,Bahia - BA,Flamengo - RJ,0,0
2018,Palmeiras - SP,Cruzeiro - MG,3,1
2018,Atlético - MG,Sport - PE,5,2
2018,Botafogo - RJ,São Paulo - SP,2,2
2018,Santos - SP,Atlético - PR,1,0
2018,Internacional - RS,Vitória - BA,2,1
2018,Ceará - CE,Chapecoense - SC,3,1
2018,Paraná - PR,Vasco da Gama - RJ,1,1
2018,Cruzeiro - MG,Ceará - CE,0,2
2018,Sport - PE,Internacional - RS,2,1
2018,Corinthians - SP,Flamengo - RJ,0,3
2018,Vitória - BA,Santos - SP,0,1
2018,Atlético - PR,América - MG,4,0
2018,Chapecoense - SC,Atlético - MG,1,0
2018,São Paulo - SP,Palmeiras - SP,0,2
2018,Grêmio - RS,Bahia - BA,2,2
2018,Fluminense - RJ,Paraná - PR,4,0
2018,Botafogo - RJ,Vasco da Gama - RJ,1,1
2018,Flamengo - RJ,Fluminense - RJ,3,0
2018,Santos - SP,Corinthians - SP,1,0
2018,Bahia - BA,Paraná - PR,2,0
2018,Chapecoense - SC,Vitória - BA,0,1
2018,Vasco da Gama - RJ,Cruzeiro - MG,2,0
2018,Palmeiras - SP,Grêmio - RS,2,0
2018,Internacional - RS,São Paulo - SP,3,1
2018,Atlético - MG,América - MG,0,0
2018,Atlético - PR,Sport - PE,4,0
2018,Ceará - CE,Botafogo - RJ,0,0
2018,América - MG,Grêmio - RS,1,1
2018,Botafogo - RJ,Bahia - BA,0,1
2018,São Paulo - SP,Atlético - PR,0,0
2018,Sport - PE,Vasco da Gama - RJ,2,1
2018,Vitória - BA,Corinthians - SP,2,2 
2018,Fluminense - RJ,Atlético - MG,1,0
2018,Palmeiras - SP,Ceará - CE,2,1
2018,Cruzeiro - MG,Chapecoense - SC,3,0
2018,Paraná - PR,Flamengo - RJ,0,4
2018,Internacional - RS,Santos - SP,2,2
2018,Vitória - BA,São Paulo - SP,0,1
2018,Vasco da Gama - RJ,Internacional - RS,1,1
2018,Santos - SP,Fluminense - RJ,3,0
2018,Grêmio - RS,Sport - PE,3,4
2018,Corinthians - SP,Bahia - BA,2,1
2018,Flamengo - RJ,Palmeiras - SP,1,1
2018,Chapecoense - SC,América - MG,1,0
2018,Cruzeiro - MG,Paraná - PR,3,1
2018,Atlético - PR,Botafogo - RJ,2,1
2018,Ceará - CE,Atlético - MG,2,1
2018,Atlético - MG,Grêmio - RS,0,1
2018,Fluminense - RJ,Vasco da Gama - RJ,0,1
2018,Palmeiras - SP,Santos - SP,3,2
2018,Paraná - PR,Vitória - BA,1,1
2018,América - MG,Cruzeiro - MG,1,2
2018,Botafogo - RJ,Corinthians - SP,1,0
2018,São Paulo - SP,Flamengo - RJ,2,2
2018,Bahia - BA,Chapecoense - SC,1,0
2018,Internacional - RS,Atlético - PR,2,1
2018,Sport - PE,Ceará - CE,1,0
2018,Corinthians - SP,São Paulo - SP,1,1
2018,Atlético - PR,Cruzeiro - MG,2,0
2018,Botafogo - RJ,Flamengo - RJ,0,2
2018,América - MG,Paraná - PR,1,1
2018,Atlético - MG,Palmeiras - SP,1,1
2018,Vitória - BA,Bahia - BA,2,2
2018,Ceará - CE,Internacional - RS,1,1
2018,Grêmio - RS,Vasco da Gama - RJ,2,1
2018,Fluminense - RJ,Sport - PE,0,0
2018,Santos - SP,Chapecoense - SC,0,1
2018,Vasco da Gama - RJ,Atlético - PR,1,1
2018,Paraná - PR,Atlético - MG,0,1
2018,Bahia - BA,Ceará - CE,2,1
2018,Cruzeiro - MG,Corinthians - SP,1,0 
2018,Sport - PE,Vitória - BA,0,0
2018,Palmeiras - SP,Fluminense - RJ,3,0
2018,Chapecoense - SC,Botafogo - RJ,0,1
2018,Flamengo - RJ,Santos - SP,1,0
2018,São Paulo - SP,Grêmio - RS,1,1
2018,Internacional - RS,América - MG,2,0
2018,Vitória - BA,Atlético - PR,1,2
2018,Corinthians - SP,Vasco da Gama - RJ,1,0
2018,Atlético - MG,Bahia - BA,1,0
2018,Paraná - PR,Palmeiras - SP,1,1
2018,América - MG,Santos - SP,2,1
2018,Botafogo - RJ,Internacional - RS,1,0
2018,Sport - PE,Flamengo - RJ,0,1
2018,São Paulo - SP,Cruzeiro - MG,1,0
2018,Grêmio - RS,Chapecoense - SC,2,0
2018,Fluminense - RJ,Ceará - CE,0,0
2018,Internacional - RS,Atlético - MG,1,2
2018,Santos - SP,Botafogo - RJ,1,1
2018,Cruzeiro - MG,Vitória - BA,3,0
2018,Atlético - PR,Corinthians - SP,1,0
2018,Flamengo - RJ,Grêmio - RS,2,0
2018,Palmeiras - SP,América - MG,4,0
2018,Vasco da Gama - RJ,São Paulo - SP,2,0
2018,Chapecoense - SC,Sport - PE,2,1
2018,Bahia - BA,Fluminense - RJ,2,0
2018,Ceará - CE,Paraná - PR,1,0
2018,Santos - SP,Atlético - MG,3,2
2018,Cruzeiro - MG,Flamengo - RJ,0,2
2018,Atlético - PR,Ceará - CE,2,2 
2018,Vitória - BA,Grêmio - RS,0,0
2018,Vasco da Gama - RJ,Palmeiras - SP,0,1 
2018,América - MG,Bahia - BA,1,0 
2018,Corinthians - SP,Chapecoense - SC,0,0
2018,Internacional - RS,Fluminense - RJ,2,0
2018,Botafogo - RJ,Paraná - PR,2,1
2018,São Paulo - SP,Sport - PE,0,0
2018,Atlético - MG,Botafogo - RJ,1,0
2018,Flamengo - RJ,Atlético - PR,1,2
2018,Paraná - PR,Internacional - RS,1,1
2018,Chapecoense - SC,São Paulo - SP,1,0
2018,Bahia - BA,Cruzeiro - MG,0,0
2018,Fluminense - RJ,América - MG,1,0
2018,Ceará - CE,Vasco da Gama - RJ,0,0
2018,Sport - PE,Santos - SP,2,1
2018,Palmeiras - SP,Vitória - BA,3,2
2018,Grêmio - RS,Corinthians - SP,1,0
2019,Atlético - MG,Avaí - SC,2,1
2019,Chapecoense - SC,Internacional - RS,2,0
2019,Flamengo - RJ,Cruzeiro - MG,3,1
2019,São Paulo - SP,Botafogo - RJ,2,0
2019,Atlético - PR,Vasco da Gama - RJ,4,1
2019,Bahia - BA,Corinthians - SP,3,2
2019,Ceará - CE,CSA,4,0
2019,Fluminense - RJ,Goiás - GO,0,1
2019,Palmeiras - SP,Fortaleza,4,0
2019,Grêmio - RS,Santos - SP,1,2
2019,Avaí - SC,Grêmio - RS,1,1
2019,CSA,Palmeiras - SP,1,1
2019,Vasco da Gama - RJ,Atlético - MG,1,2
2019,Corinthians - SP,Chapecoense - SC,1,0
2019,Cruzeiro - MG,Ceará - CE,1,0
2019,Fortaleza,Atlético - PR,2,1
2019,Internacional - RS,Flamengo - RJ,2,1
2019,Goiás - GO,São Paulo - SP,1,2
2019,Botafogo - RJ,Bahia - BA,3,2
2019,Santos - SP,Fluminense - RJ,2,1
2019,Vasco da Gama - RJ,Corinthians - SP,1,1
2019,Ceará - CE,Atlético - MG,1,2
2019,Palmeiras - SP,Internacional - RS,1,0
2019,Chapecoense - SC,Atlético - PR,1,1
2019,São Paulo - SP,Flamengo - RJ,1,1
2019,CSA,Santos - SP,0,0
2019,Bahia - BA,Avaí - SC,1,0
2019,Botafogo - RJ,Fortaleza,1,0
2019,Cruzeiro - MG,Goiás - GO,2,1
2019,Grêmio - RS,Fluminense - RJ,4,5
2019,Corinthians - SP,Grêmio - RS,0,0
2019,Fluminense - RJ,Botafogo - RJ,0,1
2019,Goiás - GO,Ceará - CE,2,1
2019,Avaí - SC,CSA,0,0
2019,Atlético - PR,Bahia - BA,1,0
2019,Flamengo - RJ,Chapecoense - SC,2,1
2019,Internacional - RS,Cruzeiro - MG,3,1
2019,Atlético - MG,Palmeiras - SP,0,2
2019,Santos - SP,Vasco da Gama - RJ,3,0
2019,Fortaleza,São Paulo - SP,0,1
2019,Atlético - MG,Flamengo - RJ,2,1
2019,Fluminense - RJ,Cruzeiro - MG,4,1
2019,Palmeiras - SP,Santos - SP,4,0
2019,Vasco da Gama - RJ,Avaí - SC,1,1
2019,São Paulo - SP,Bahia - BA,0,0
2019,Ceará - CE,Grêmio - RS,2,1
2019,Atlético - PR,Corinthians - SP,0,2
2019,Chapecoense - SC,Fortaleza,1,3
2019,Goiás - GO,Botafogo - RJ,1,0
2019,Internacional - RS,CSA,2,0
2019,Grêmio - RS,Atlético - MG,1,0
2019,Botafogo - RJ,Palmeiras - SP,0,1
2019,Santos - SP,Internacional - RS,0,0
2019,Fortaleza,Vasco da Gama - RJ,1,1
2019,Bahia - BA,Fluminense - RJ,3,2
2019,Cruzeiro - MG,Chapecoense - SC,1,2
2019,Corinthians - SP,São Paulo - SP,1,0
2019,Flamengo - RJ,Atlético - PR,3,2
2019,Avaí - SC,Ceará - CE,1,2
2019,CSA,Goiás - GO,1,0
2019,Bahia - BA,Grêmio - RS,1,0
2019,Flamengo - RJ,Fortaleza,2,0
2019,São Paulo - SP,Cruzeiro - MG,1,1
2019,Atlético - PR,Fluminense - RJ,3,0
2019,Atlético - MG,CSA,4,0
2019,Botafogo - RJ,Vasco da Gama - RJ,1,0
2019,Internacional - RS,Avaí - SC,2,0
2019,Chapecoense - SC,Palmeiras - SP,1,2
2019,Ceará - CE,Santos - SP,0,1
2019,Vasco da Gama - RJ,Internacional - RS,2,1
2019,Ceará - CE,Bahia - BA,0,0
2019,Cruzeiro - MG,Corinthians - SP,0,0
2019,Avaí - SC,São Paulo - SP,0,0
2019,Grêmio - RS,Fortaleza,1,0
2019,Palmeiras - SP,Atlético - PR,1,0
2019,Fluminense - RJ,Flamengo - RJ,0,0
2019,CSA,Botafogo - RJ,1,2
2019,Santos - SP,Atlético - MG,3,1
2019,Goiás - GO,Chapecoense - SC,3,1
2019,CSA,Flamengo - RJ,0,2
2019,Fortaleza,Cruzeiro - MG,2,1
2019,Botafogo - RJ,Grêmio - RS,0,1
2019,Internacional - RS,Bahia - BA,3,1
2019,Santos - SP,Corinthians - SP,1,0
2019,Chapecoense - SC,Fluminense - RJ,1,1
2019,Atlético - MG,São Paulo - SP,1,1
2019,Goiás - GO,Atlético - PR,2,1
2019,Palmeiras - SP,Avaí - SC,2,0
2019,Vasco da Gama - RJ,Ceará - CE,1,0
2019,São Paulo - SP,Palmeiras - SP,1,1
2019,Fortaleza,Avaí - SC,2,0
2019,Grêmio - RS,Vasco da Gama - RJ,2,1
2019,Bahia - BA,Santos - SP,0,1
2019,Cruzeiro - MG,Botafogo - RJ,0,0
2019,Atlético - PR,Internacional - RS,1,0
2019,Chapecoense - SC,Atlético - MG,1,2
2019,Corinthians - SP,CSA,1,0
2019,Flamengo - RJ,Goiás - GO,6,1
2019,Fluminense - RJ,Ceará - CE,1,1
2019,Bahia - BA,Cruzeiro - MG,0,0
2019,Internacional - RS,Grêmio - RS,1,1
2019,CSA,Atlético - PR,0,4
2019,Ceará - CE,Palmeiras - SP,2,0
2019,Vasco da Gama - RJ,Fluminense - RJ,2,1
2019,Corinthians - SP,Flamengo - RJ,1,1
2019,Atlético - MG,Fortaleza,2,2
2019,Avaí - SC,Goiás - GO,0,0
2019,Botafogo - RJ,Santos - SP,0,1
2019,São Paulo - SP,Chapecoense - SC,4,0
2019,Palmeiras - SP,Vasco da Gama - RJ,1,1
2019,Cruzeiro - MG,Atlético - PR,0,2
2019,Internacional - RS,Ceará - CE,1,0
2019,Fluminense - RJ,São Paulo - SP,1,2
2019,Goiás - GO,Atlético - MG,0,0
2019,Chapecoense - SC,Bahia - BA,0,0
2019,Fortaleza,Corinthians - SP,1,3
2019,Flamengo - RJ,Botafogo - RJ,3,2
2019,Santos - SP,Avaí - SC,3,1
2019,CSA,Grêmio - RS,0,0
2019,Ceará - CE,Fortaleza,2,1
2019,Fluminense - RJ,Internacional - RS,2,1
2019,Vasco da Gama - RJ,CSA,0,0
2019,Corinthians - SP,Palmeiras - SP,1,1
2019,Atlético - MG,Cruzeiro - MG,2,0
2019,Bahia - BA,Flamengo - RJ,3,0
2019,Avaí - SC,Botafogo - RJ,0,2
2019,Santos - SP,Goiás - GO,6,1
2019,Grêmio - RS,Chapecoense - SC,3,3
2019,Corinthians - SP,Goiás - GO,2,0
2019,Atlético - MG,Fluminense - RJ,2,1
2019,Ceará - CE,Chapecoense - SC,4,1
2019,Flamengo - RJ,Grêmio - RS,3,1
2019,São Paulo - SP,Santos - SP,3,2
2019,Palmeiras - SP,Bahia - BA,2,2
2019,Internacional - RS,Corinthians - SP,0,0
2019,Avaí - SC,Cruzeiro - MG,2,2
2019,Botafogo - RJ,Atlético - PR,2,1
2019,Goiás - GO,Vasco da Gama - RJ,0,1
2019,CSA,Fortaleza,0,2
2019,Grêmio - RS,Palmeiras - SP,1,1
2019,Atlético - PR,Atlético - MG,1,0
2019,Corinthians - SP,Botafogo - RJ,2,0
2019,Vasco da Gama - RJ,Flamengo - RJ,1,4
2019,Fortaleza,Internacional - RS,0,1
2019,Bahia - BA,Goiás - GO,1,1
2019,Chapecoense - SC,Avaí - SC,1,0
2019,Cruzeiro - MG,Santos - SP,2,0
2019,Fluminense - RJ,CSA,0,1
2019,São Paulo - SP,Ceará - CE,1,0
2019,Atlético - PR,São Paulo - SP,0,1
2019,Atlético - MG,Bahia - BA,0,1
2019,Grêmio - RS,Atlético - PR,2,1
2019,Avaí - SC,Corinthians - SP,1,1
2019,CSA,Cruzeiro - MG,1,1
2019,Santos - SP,Fortaleza,3,3
2019,Ceará - CE,Flamengo - RJ,0,3
2019,Goiás - GO,Internacional - RS,2,1
2019,Vasco da Gama - RJ,São Paulo - SP,2,0
2019,Botafogo - RJ,Chapecoense - SC,0,0
2019,São Paulo - SP,Grêmio - RS,0,0
2019,Atlético - PR,Ceará - CE,1,0
2019,Bahia - BA,CSA,1,0
2019,Internacional - RS,Botafogo - RJ,3,2
2019,Chapecoense - SC,Santos - SP,0,1
2019,Corinthians - SP,Atlético - MG,1,0
2019,Cruzeiro - MG,Vasco da Gama - RJ,1,0
2019,Flamengo - RJ,Palmeiras - SP,3,0
2019,Fortaleza,Goiás - GO,2,0
2019,Fluminense - RJ,Avaí - SC,0,1
2019,Corinthians - SP,Ceará - CE,2,2
2019,Vasco da Gama - RJ,Bahia - BA,0,2
2019,Avaí - SC,Flamengo - RJ,0,3
2019,Fortaleza,Fluminense - RJ,0,1
2019,Internacional - RS,São Paulo - SP,1,0
2019,Goiás - GO,Palmeiras - SP,1,2
2019,Santos - SP,Atlético - PR,1,1
2019,Botafogo - RJ,Atlético - MG,2,1
2019,CSA,Chapecoense - SC,2,0
2019,Cruzeiro - MG,Grêmio - RS,1,4
2019,Palmeiras - SP,Fluminense - RJ,3,0
2019,Ceará - CE,Botafogo - RJ,0,0
2019,Flamengo - RJ,Santos - SP,1,0
2019,Palmeiras - SP,Cruzeiro - MG,1,0
2019,Chapecoense - SC,Vasco da Gama - RJ,1,2
2019,São Paulo - SP,CSA,1,1
2019,Bahia - BA,Fortaleza,1,1
2019,Atlético - PR,Avaí - SC,0,1
2019,Fluminense - RJ,Corinthians - SP,1,0
2019,Grêmio - RS,Goiás - GO,3,0
2019,Atlético - MG,Internacional - RS,1,3
2019,Corinthians - SP,Bahia - BA,2,1
2019,Cruzeiro - MG,Flamengo - RJ,1,2
2019,Santos - SP,Grêmio - RS,0,3
2019,Botafogo - RJ,São Paulo - SP,1,2
2019,Vasco da Gama - RJ,Atlético - PR,1,1
2019,CSA,Ceará - CE,1,0
2019,Goiás - GO,Fluminense - RJ,3,0
2019,Internacional - RS,Chapecoense - SC,1,0
2019,Fortaleza,Palmeiras - SP,0,1
2019,Avaí - SC,Atlético - MG,1,0
2019,Ceará - CE,Cruzeiro - MG,0,0
2019,Bahia - BA,Botafogo - RJ,2,0
2019,Flamengo - RJ,Internacional - RS,3,1
2019,São Paulo - SP,Goiás - GO,0,1
2019,Fluminense - RJ,Santos - SP,1,1
2019,Atlético - PR,Fortaleza,4,1
2019,Grêmio - RS,Avaí - SC,6,1
2019,Palmeiras - SP,CSA,6,2
2019,Flamengo - RJ,São Paulo - SP,0,0
2019,Atlético - PR,Chapecoense - SC,1,1
2019,Internacional - RS,Palmeiras - SP,1,1
2019,Atlético - MG,Ceará - CE,2,1
2019,Corinthians - SP,Vasco da Gama - RJ,1,0
2019,Fluminense - RJ,Grêmio - RS,2,1
2019,Santos - SP,CSA,2,0
2019,Avaí - SC,Bahia - BA,0,2
2019,Fortaleza,Botafogo - RJ,1,0
2019,Goiás - GO,Cruzeiro - MG,1,0
2019,Chapecoense - SC,Corinthians - SP,0,1
2019,Atlético - MG,Vasco da Gama - RJ,1,2
2019,Grêmio - RS,Corinthians - SP,0,0
2019,Cruzeiro - MG,Internacional - RS,1,1
2019,Bahia - BA,Atlético - PR,1,2
2019,Vasco da Gama - RJ,Santos - SP,0,1
2019,São Paulo - SP,Fortaleza,2,1
2019,Palmeiras - SP,Atlético - MG,1,1
2019,CSA,Avaí - SC,3,1
2019,Chapecoense - SC,Flamengo - RJ,0,1
2019,Botafogo - RJ,Fluminense - RJ,0,1
2019,Ceará - CE,Goiás - GO,0,1
2019,Cruzeiro - MG,Fluminense - RJ,0,0
2019,Bahia - BA,São Paulo - SP,0,0
2019,Botafogo - RJ,Goiás - GO,3,1
2019,CSA,Internacional - RS,1,0
2019,Fortaleza,Chapecoense - SC,2,0
2019,Grêmio - RS,Ceará - CE,2,1
2019,Santos - SP,Palmeiras - SP,2,0
2019,Corinthians - SP,Atlético - PR,2,2
2019,Avaí - SC,Vasco da Gama - RJ,0,0
2019,Flamengo - RJ,Atlético - MG,3,1
2019,Fluminense - RJ,Bahia - BA,2,0
2019,Goiás - GO,CSA,1,0
2019,Palmeiras - SP,Botafogo - RJ,1,0
2019,Chapecoense - SC,Cruzeiro - MG,1,1
2019,Internacional - RS,Santos - SP,0,0
2019,Ceará - CE,Avaí - SC,1,0
2019,Atlético - PR,Flamengo - RJ,0,2
2019,Atlético - MG,Grêmio - RS,1,4
2019,São Paulo - SP,Corinthians - SP,1,0
2019,Vasco da Gama - RJ,Fortaleza,1,0
2019,CSA,Atlético - MG,2,2
2019,Goiás - GO,Corinthians - SP,2,2
2019,Grêmio - RS,Bahia - BA,0,1
2019,Cruzeiro - MG,São Paulo - SP,1,0
2019,Fortaleza,Flamengo - RJ,1,2
2019,Palmeiras - SP,Chapecoense - SC,1,0
2019,Vasco da Gama - RJ,Botafogo - RJ,2,1
2019,Fluminense - RJ,Atlético - PR,1,2
2019,Avaí - SC,Internacional - RS,0,2
2019,Santos - SP,Ceará - CE,2,1
2019,Corinthians - SP,Cruzeiro - MG,1,2
2019,Fortaleza,Grêmio - RS,2,1
2019,Chapecoense - SC,Goiás - GO,2,2
2019,Atlético - PR,Palmeiras - SP,1,1
2019,Atlético - MG,Santos - SP,2,0
2019,Flamengo - RJ,Fluminense - RJ,2,0
2019,São Paulo - SP,Avaí - SC,1,0
2019,Internacional - RS,Vasco da Gama - RJ,0,1
2019,Botafogo - RJ,CSA,2,1
2019,Bahia - BA,Ceará - CE,1,2
2019,Fluminense - RJ,Chapecoense - SC,1,1
2019,Cruzeiro - MG,Fortaleza,1,1
2019,Corinthians - SP,Santos - SP,0,0
2019,Ceará - CE,Vasco da Gama - RJ,1,1
2019,Bahia - BA,Internacional - RS,2,3
2019,Atlético - PR,Goiás - GO,4,1
2019,Flamengo - RJ,CSA,1,0
2019,Grêmio - RS,Botafogo - RJ,3,0
2019,Avaí - SC,Palmeiras - SP,1,2
2019,São Paulo - SP,Atlético - MG,2,0
2019,Ceará - CE,Fluminense - RJ,2,0
2019,Atlético - MG,Chapecoense - SC,0,2
2019,CSA,Corinthians - SP,2,1
2019,Avaí - SC,Fortaleza,1,3
2019,Vasco da Gama - RJ,Grêmio - RS,1,3
2019,Palmeiras - SP,São Paulo - SP,3,0
2019,Internacional - RS,Atlético - PR,1,1
2019,Goiás - GO,Flamengo - RJ,2,2
2019,Botafogo - RJ,Cruzeiro - MG,0,2
2019,Santos - SP,Bahia - BA,1,0
2019,Fortaleza,Atlético - MG,2,2
2019,Fluminense - RJ,Vasco da Gama - RJ,0,0
2019,Palmeiras - SP,Ceará - CE,1,0
2019,Chapecoense - SC,São Paulo - SP,0,3
2019,Cruzeiro - MG,Bahia - BA,1,1
2019,Atlético - PR,CSA,1,0
2019,Flamengo - RJ,Corinthians - SP,4,1
2019,Goiás - GO,Avaí - SC,2,0
2019,Grêmio - RS,Internacional - RS,2,0
2019,Santos - SP,Botafogo - RJ,4,1
2019,Bahia - BA,Chapecoense - SC,1,1
2019,Atlético - PR,Cruzeiro - MG,0,0
2019,Atlético - MG,Goiás - GO,2,0
2019,Corinthians - SP,Fortaleza,3,2
2019,Vasco da Gama - RJ,Palmeiras - SP,1,2
2019,Avaí - SC,Santos - SP,1,2
2019,Ceará - CE,Internacional - RS,2,0
2019,Botafogo - RJ,Flamengo - RJ,0,1
2019,São Paulo - SP,Fluminense - RJ,0,2
2019,Grêmio - RS,CSA,2,1
2019,Palmeiras - SP,Corinthians - SP,1,1
2019,Goiás - GO,Santos - SP,0,3
2019,Cruzeiro - MG,Atlético - MG,0,0
2019,São Paulo - SP,Atlético - PR,0,1
2019,Flamengo - RJ,Bahia - BA,3,1
2019,Fortaleza,Ceará - CE,1,0
2019,Chapecoense - SC,Grêmio - RS,0,1
2019,Internacional - RS,Fluminense - RJ,2,1
2019,CSA,Vasco da Gama - RJ,0,3
2019,Botafogo - RJ,Avaí - SC,2,0
2019,Flamengo - RJ,Vasco da Gama - RJ,4,4
2019,Fluminense - RJ,Atlético - MG,1,1
2019,Santos - SP,São Paulo - SP,1,1
2019,Corinthians - SP,Internacional - RS,0,0
2019,Bahia - BA,Palmeiras - SP,1,1
2019,Atlético - PR,Botafogo - RJ,1,0
2019,Chapecoense - SC,Ceará - CE,1,0
2019,Grêmio - RS,Flamengo - RJ,0,1
2019,Fortaleza,CSA,3,0
2019,Cruzeiro - MG,Avaí - SC,0,0
2019,Vasco da Gama - RJ,Goiás - GO,1,1
2019,Santos - SP,Cruzeiro - MG,4,1
2019,Internacional - RS,Fortaleza,2,2
2019,Ceará - CE,São Paulo - SP,1,1
2019,Atlético - MG,Atlético - PR,0,1
2019,Botafogo - RJ,Corinthians - SP,1,0
2019,Avaí - SC,Chapecoense - SC,0,1
2019,Goiás - GO,Bahia - BA,4,3
2019,Palmeiras - SP,Grêmio - RS,1,2
2019,CSA,Fluminense - RJ,0,1
2019,Bahia - BA,Atlético - MG,1,1
2019,Atlético - PR,Grêmio - RS,2,0
2019,Chapecoense - SC,Botafogo - RJ,0,1
2019,Corinthians - SP,Avaí - SC,3,0
2019,Flamengo - RJ,Ceará - CE,4,1
2019,Internacional - RS,Goiás - GO,1,2
2019,Cruzeiro - MG,CSA,0,1
2019,Fluminense - RJ,Palmeiras - SP,1,0
2019,Fortaleza,Santos - SP,2,1
2019,São Paulo - SP,Vasco da Gama - RJ,1,0
2019,Ceará - CE,Atlético - PR,1,1
2019,Botafogo - RJ,Internacional - RS,0,1
2019,Avaí - SC,Fluminense - RJ,1,1
2019,Atlético - MG,Corinthians - SP,2,1
2019,CSA,Bahia - BA,1,2
2019,Palmeiras - SP,Flamengo - RJ,1,3
2019,Goiás - GO,Fortaleza,1,2
2019,Grêmio - RS,São Paulo - SP,3,0
2019,Santos - SP,Chapecoense - SC,2,0
2019,Vasco da Gama - RJ,Cruzeiro - MG,1,0
2019,Fluminense - RJ,Fortaleza,0,0
2019,Atlético - PR,Santos - SP,1,0
2019,Atlético - MG,Botafogo - RJ,2,0
2019,Chapecoense - SC,CSA,3,0
2019,Ceará - CE,Corinthians - SP,0,1
2019,São Paulo - SP,Internacional - RS,2,1
2019,Bahia - BA,Vasco da Gama - RJ,1,1
2019,Flamengo - RJ,Avaí - SC,6,1
2019,Grêmio - RS,Cruzeiro - MG,2,0
2019,Palmeiras - SP,Goiás - GO,5,1
2019,Avaí - SC,Atlético - PR,0,0
2019,Botafogo - RJ,Ceará - CE,1,1
2019,Vasco da Gama - RJ,Chapecoense - SC,1,1
2019,Corinthians - SP,Fluminense - RJ,1,2
2019,Fortaleza,Bahia - BA,2,1
2019,Goiás - GO,Grêmio - RS,3,2
2019,Internacional - RS,Atlético - MG,2,1
2019,Cruzeiro - MG,Palmeiras - SP,0,2
2019,Santos - SP,Flamengo - RJ,4,0
2019,CSA,São Paulo - SP,1,2
2020,Fortaleza,Atlético - PR,0,2
2020,Coritiba - PR,Internacional - RS,0,1
2020,Sport - PE,Ceará - CE,3,2
2020,Flamengo - RJ,Atlético - MG,0,1
2020,Santos - SP,Bragantino,1,1
2020,Grêmio - RS,Fluminense - RJ,1,0
2020,Botafogo - RJ,Bahia - BA,1,2
2020,Corinthians - SP,Atlético - GO,0,0
2020,Goiás - GO,São Paulo - SP,0,3
2020,Palmeiras - SP,Vasco da Gama - RJ,1,1
2020,Bragantino,Botafogo - RJ,1,1
2020,Atlético - MG,Corinthians - SP,3,2
2020,Atlético - PR,Goiás - GO,2,1
2020,Bahia - BA,Coritiba - PR,1,0
2020,Atlético - GO,Flamengo - RJ,3,0
2020,Fluminense - RJ,Palmeiras - SP,1,1
2020,Ceará - CE,Grêmio - RS,1,1
2020,São Paulo - SP,Fortaleza,1,0
2020,Internacional - RS,Santos - SP,2,0
2020,Vasco da Gama - RJ,Sport - PE,2,0
2020,Grêmio - RS,Corinthians - SP,0,0
2020,Coritiba - PR,Flamengo - RJ,0,1
2020,Palmeiras - SP,Goiás - GO,1,1
2020,Atlético - MG,Ceará - CE,2,0
2020,Vasco da Gama - RJ,São Paulo - SP,2,1
2020,Bahia - BA,Bragantino,2,1
2020,Fluminense - RJ,Internacional - RS,2,1
2020,Atlético - GO,Sport - PE,1,1
2020,Fortaleza,Botafogo - RJ,0,0
2020,Santos - SP,Atlético - PR,3,1
2020,Flamengo - RJ,Grêmio - RS,1,1
2020,Bragantino,Fluminense - RJ,2,1
2020,Atlético - PR,Palmeiras - SP,0,1
2020,Internacional - RS,Atlético - GO,3,0
2020,Goiás - GO,Fortaleza,1,3
2020,Botafogo - RJ,Atlético - MG,2,1
2020,Corinthians - SP,Coritiba - PR,3,1
2020,Sport - PE,Santos - SP,0,1
2020,São Paulo - SP,Bahia - BA,1,1
2020,Ceará - CE,Vasco da Gama - RJ,0,3
2020,Atlético - PR,Fluminense - RJ,0,1
2020,Internacional - RS,Atlético - MG,1,0
2020,Goiás - GO,Atlético - GO,2,0
2020,Flamengo - RJ,Botafogo - RJ,1,1
2020,Vasco da Gama - RJ,Grêmio - RS,0,0
2020,Palmeiras - SP,Santos - SP,2,1
2020,Bragantino,Coritiba - PR,1,2
2020,Sport - PE,São Paulo - SP,0,1
2020,Ceará - CE,Bahia - BA,2,0
2020,Corinthians - SP,Fortaleza,1,1
2020,Botafogo - RJ,Internacional - RS,0,2
2020,Fluminense - RJ,Vasco da Gama - RJ,2,1
2020,Bahia - BA,Palmeiras - SP,1,1
2020,Fortaleza,Bragantino,3,0
2020,São Paulo - SP,Corinthians - SP,2,1
2020,Santos - SP,Flamengo - RJ,0,1
2020,Coritiba - PR,Sport - PE,1,0
2020,Atlético - GO,Ceará - CE,0,2
2020,Atlético - MG,Atlético - PR,0,2
2020,Grêmio - RS,Goiás - GO,2,1
2020,Ceará - CE,Fortaleza,1,0
2020,Fluminense - RJ,Atlético - GO,1,1
2020,Goiás - GO,Corinthians - SP,1,2
2020,Botafogo - RJ,Coritiba - PR,0,0
2020,Bahia - BA,Flamengo - RJ,3,5
2020,Atlético - PR,Bragantino,1,1
2020,Palmeiras - SP,Internacional - RS,1,1
2020,Santos - SP,Vasco da Gama - RJ,2,2
2020,Grêmio - RS,Sport - PE,1,2
2020,Atlético - MG,São Paulo - SP,3,0
2020,Flamengo - RJ,Fortaleza,2,1
2020,Corinthians - SP,Botafogo - RJ,2,2
2020,Ceará - CE,Santos - SP,0,1
2020,Bragantino,Palmeiras - SP,1,2
2020,São Paulo - SP,Fluminense - RJ,3,1
2020,Internacional - RS,Bahia - BA,2,2
2020,Vasco da Gama - RJ,Atlético - PR,1,0
2020,Atlético - GO,Grêmio - RS,1,1
2020,Sport - PE,Goiás - GO,2,1
2020,Coritiba - PR,Atlético - MG,0,1
2020,Atlético - PR,Botafogo - RJ,1,1
2020,Fortaleza,Sport - PE,1,0
2020,Goiás - GO,Coritiba - PR,3,3
2020,São Paulo - SP,Bragantino,1,1
2020,Fluminense - RJ,Flamengo - RJ,1,2
2020,Santos - SP,Atlético - MG,3,1
2020,Corinthians - SP,Palmeiras - SP,0,2
2020,Internacional - RS,Ceará - CE,2,0
2020,Bahia - BA,Grêmio - RS,0,2
2020,Vasco da Gama - RJ,Atlético - GO,1,2
2020,Atlético - PR,Coritiba - PR,1,0
2020,Santos - SP,São Paulo - SP,2,2
2020,Fluminense - RJ,Corinthians - SP,2,1
2020,Grêmio - RS,Fortaleza,1,1
2020,Atlético - MG,Bragantino,2,1
2020,Bahia - BA,Atlético - GO,0,1
2020,Ceará - CE,Flamengo - RJ,2,0
2020,Goiás - GO,Internacional - RS,1,0
2020,Palmeiras - SP,Sport - PE,2,2
2020,Botafogo - RJ,Vasco da Gama - RJ,2,3
2020,São Paulo - SP,Atlético - PR,1,0
2020,Corinthians - SP,Bahia - BA,3,2
2020,Bragantino,Ceará - CE,4,2
2020,Fortaleza,Internacional - RS,1,0
2020,Atlético - GO,Atlético - MG,3,4
2020,Grêmio - RS,Palmeiras - SP,1,1
2020,Coritiba - PR,Vasco da Gama - RJ,1,0
2020,Botafogo - RJ,Santos - SP,0,0
2020,Sport - PE,Fluminense - RJ,1,0
2020,Flamengo - RJ,Goiás - GO,2,1
2020,Sport - PE,Corinthians - SP,1,0
2020,Internacional - RS,São Paulo - SP,1,1
2020,Atlético - PR,Bahia - BA,1,0
2020,Atlético - MG,Grêmio - RS,3,1
2020,Vasco da Gama - RJ,Bragantino,1,1
2020,Palmeiras - SP,Flamengo - RJ,1,1
2020,Ceará - CE,Goiás - GO,2,2
2020,Atlético - GO,Botafogo - RJ,1,1
2020,Santos - SP,Fortaleza,1,1
2020,Fluminense - RJ,Coritiba - PR,4,0
2020,Grêmio - RS,Internacional - RS,1,1
2020,Palmeiras - SP,Ceará - CE,2,1
2020,Bragantino,Corinthians - SP,0,0
2020,Botafogo - RJ,Fluminense - RJ,1,1
2020,Flamengo - RJ,Atlético - PR,3,1
2020,Coritiba - PR,São Paulo - SP,1,1
2020,Bahia - BA,Sport - PE,1,2
2020,Fortaleza,Atlético - GO,0,0
2020,Goiás - GO,Santos - SP,2,3
2020,Atlético - MG,Vasco da Gama - RJ,4,1
2020,Corinthians - SP,Santos - SP,1,1
2020,Flamengo - RJ,Sport - PE,3,0
2020,Grêmio - RS,Coritiba - PR,2,1
2020,Bahia - BA,Vasco da Gama - RJ,3,0
2020,São Paulo - SP,Atlético - GO,3,0
2020,Goiás - GO,Fluminense - RJ,2,4
2020,Botafogo - RJ,Palmeiras - SP,2,1
2020,Fortaleza,Atlético - MG,2,1
2020,Atlético - PR,Ceará - CE,0,0
2020,Bragantino,Internacional - RS,0,2
2020,Vasco da Gama - RJ,Flamengo - RJ,1,2
2020,Palmeiras - SP,São Paulo - SP,0,2
2020,Coritiba - PR,Fortaleza,0,0
2020,Atlético - MG,Goiás - GO,3,0
2020,Fluminense - RJ,Bahia - BA,1,0
2020,Santos - SP,Grêmio - RS,2,1
2020,Sport - PE,Botafogo - RJ,1,2
2020,Atlético - GO,Bragantino,2,1
2020,Internacional - RS,Atlético - PR,2,1
2020,Ceará - CE,Corinthians - SP,2,1
2020,Palmeiras - SP,Coritiba - PR,1,3
2020,Grêmio - RS,Botafogo - RJ,3,1
2020,Santos - SP,Atlético - GO,0,1
2020,Atlético - MG,Fluminense - RJ,1,1
2020,Sport - PE,Internacional - RS,3,5
2020,Atlético - PR,Corinthians - SP,0,1
2020,Flamengo - RJ,Bragantino,1,1
2020,Goiás - GO,Bahia - BA,1,1
2020,Vasco da Gama - RJ,Fortaleza,0,0
2020,Ceará - CE,São Paulo - SP,1,1
2020,Fluminense - RJ,Ceará - CE,2,2
2020,Coritiba - PR,Santos - SP,1,2
2020,Atlético - GO,Atlético - PR,1,1
2020,São Paulo - SP,Grêmio - RS,0,0
2020,Corinthians - SP,Flamengo - RJ,1,5
2020,Internacional - RS,Vasco da Gama - RJ,2,0
2020,Bragantino,Sport - PE,2,0
2020,Fortaleza,Palmeiras - SP,2,0
2020,Botafogo - RJ,Goiás - GO,0,0
2020,Bahia - BA,Atlético - MG,3,1
2020,Vasco da Gama - RJ,Corinthians - SP,1,2
2020,Bragantino,Goiás - GO,2,0
2020,Ceará - CE,Coritiba - PR,2,1
2020,Atlético - MG,Sport - PE,0,0
2020,Fluminense - RJ,Santos - SP,3,1
2020,Atlético - GO,Palmeiras - SP,0,3
2020,Internacional - RS,Flamengo - RJ,2,2
2020,Atlético - PR,Grêmio - RS,1,2
2020,Bahia - BA,Fortaleza,2,1
2020,São Paulo - SP,Botafogo - RJ,4,0
2020,Botafogo - RJ,Ceará - CE,2,2
2020,Corinthians - SP,Internacional - RS,1,0
2020,Coritiba - PR,Atlético - GO,1,0
2020,Fortaleza,Fluminense - RJ,0,1
2020,Flamengo - RJ,São Paulo - SP,1,4
2020,Sport - PE,Atlético - PR,1,0
2020,Santos - SP,Bahia - BA,3,1
2020,Goiás - GO,Vasco da Gama - RJ,1,1
2020,Palmeiras - SP,Atlético - MG,3,0
2020,Grêmio - RS,Bragantino,2,1
2020,Atlético - PR,Fortaleza,2,1
2020,São Paulo - SP,Goiás - GO,2,1
2020,Atlético - GO,Corinthians - SP,1,1
2020,Vasco da Gama - RJ,Palmeiras - SP,0,1
2020,Internacional - RS,Coritiba - PR,2,2
2020,Bragantino,Santos - SP,1,1
2020,Atlético - MG,Flamengo - RJ,4,0
2020,Bahia - BA,Botafogo - RJ,1,0
2020,Fluminense - RJ,Grêmio - RS,0,1
2020,Ceará - CE,Sport - PE,0,0
2020,Santos - SP,Internacional - RS,2,0
2020,Sport - PE,Vasco da Gama - RJ,0,2
2020,Goiás - GO,Atlético - PR,0,1
2020,Corinthians - SP,Atlético - MG,1,2
2020,Grêmio - RS,Ceará - CE,4,2
2020,Fortaleza,São Paulo - SP,2,3
2020,Flamengo - RJ,Atlético - GO,1,1
2020,Palmeiras - SP,Fluminense - RJ,2,0
2020,Coritiba - PR,Bahia - BA,1,2
2020,Botafogo - RJ,Bragantino,1,2
2020,Bragantino,Bahia - BA,4,0
2020,Flamengo - RJ,Coritiba - PR,3,1
2020,Atlético - PR,Santos - SP,1,0
2020,Goiás - GO,Palmeiras - SP,1,0
2020,São Paulo - SP,Vasco da Gama - RJ,1,1
2020,Ceará - CE,Atlético - MG,2,2
2020,Botafogo - RJ,Fortaleza,1,2
2020,Internacional - RS,Fluminense - RJ,1,2
2020,Corinthians - SP,Grêmio - RS,0,0
2020,Sport - PE,Atlético - GO,0,1
2020,Atlético - MG,Botafogo - RJ,2,1
2020,Coritiba - PR,Corinthians - SP,0,1
2020,Fortaleza,Goiás - GO,1,1
2020,Palmeiras - SP,Atlético - PR,3,0
2020,Santos - SP,Sport - PE,4,2
2020,Bahia - BA,São Paulo - SP,1,3
2020,Atlético - GO,Internacional - RS,0,0
2020,Vasco da Gama - RJ,Ceará - CE,1,4
2020,Fluminense - RJ,Bragantino,0,0
2020,Grêmio - RS,Flamengo - RJ,2,4
2020,Fortaleza,Corinthians - SP,0,0
2020,Botafogo - RJ,Flamengo - RJ,0,1
2020,Santos - SP,Palmeiras - SP,2,2
2020,Fluminense - RJ,Atlético - PR,3,1
2020,Bahia - BA,Ceará - CE,0,2
2020,Coritiba - PR,Bragantino,0,0
2020,São Paulo - SP,Sport - PE,1,0
2020,Grêmio - RS,Vasco da Gama - RJ,4,0
2020,Atlético - MG,Internacional - RS,2,2
2020,Atlético - GO,Goiás - GO,0,1
2020,Bragantino,Fortaleza,2,1
2020,Atlético - PR,Atlético - MG,0,1
2020,Palmeiras - SP,Bahia - BA,3,0
2020,Internacional - RS,Botafogo - RJ,2,1
2020,Ceará - CE,Atlético - GO,1,2
2020,Goiás - GO,Grêmio - RS,0,0
2020,Flamengo - RJ,Santos - SP,4,1
2020,Corinthians - SP,São Paulo - SP,1,0
2020,Sport - PE,Coritiba - PR,1,0
2020,Vasco da Gama - RJ,Fluminense - RJ,1,1
2020,São Paulo - SP,Atlético - MG,3,0
2020,Atlético - GO,Fluminense - RJ,2,1
2020,Sport - PE,Grêmio - RS,1,1
2020,Internacional - RS,Palmeiras - SP,2,0
2020,Coritiba - PR,Botafogo - RJ,1,2
2020,Vasco da Gama - RJ,Santos - SP,1,0
2020,Bragantino,Atlético - PR,0,1
2020,Flamengo - RJ,Bahia - BA,4,3
2020,Fortaleza,Ceará - CE,0,2
2020,Corinthians - SP,Goiás - GO,2,1
2020,Atlético - MG,Coritiba - PR,2,0
2020,Fortaleza,Flamengo - RJ,0,0
2020,Goiás - GO,Sport - PE,1,0
2020,Fluminense - RJ,São Paulo - SP,1,2
2020,Botafogo - RJ,Corinthians - SP,0,2
2020,Bahia - BA,Internacional - RS,1,2
2020,Palmeiras - SP,Bragantino,1,0
2020,Santos - SP,Ceará - CE,1,1
2020,Atlético - PR,Vasco da Gama - RJ,3,0
2020,Grêmio - RS,Atlético - GO,2,1
2020,Botafogo - RJ,Atlético - PR,0,2
2020,Grêmio - RS,Bahia - BA,2,1
2020,Sport - PE,Fortaleza,1,0
2020,Coritiba - PR,Goiás - GO,1,2
2020,Flamengo - RJ,Fluminense - RJ,1,2
2020,Bragantino,São Paulo - SP,4,2
2020,Ceará - CE,Internacional - RS,0,2
2020,Atlético - GO,Vasco da Gama - RJ,0,0
2020,Palmeiras - SP,Corinthians - SP,4,0
2020,Atlético - MG,Santos - SP,2,0
2020,Sport - PE,Palmeiras - SP,0,1
2020,Coritiba - PR,Atlético - PR,0,0
2020,Fortaleza,Grêmio - RS,0,0
2020,Flamengo - RJ,Ceará - CE,0,2
2020,São Paulo - SP,Santos - SP,0,1
2020,Internacional - RS,Goiás - GO,1,0
2020,Atlético - GO,Bahia - BA,1,1
2020,Vasco da Gama - RJ,Botafogo - RJ,3,0
2020,Bragantino,Atlético - MG,2,2
2020,Corinthians - SP,Fluminense - RJ,5,0
2020,Palmeiras - SP,Grêmio - RS,1,1
2020,Fluminense - RJ,Sport - PE,1,0
2020,Vasco da Gama - RJ,Coritiba - PR,0,1
2020,Santos - SP,Botafogo - RJ,2,1
2020,Atlético - PR,São Paulo - SP,1,1
2020,Atlético - MG,Atlético - GO,3,1
2020,Internacional - RS,Fortaleza,4,2
2020,Ceará - CE,Bragantino,1,2
2020,Goiás - GO,Flamengo - RJ,0,3
2020,Bahia - BA,Corinthians - SP,2,1
2020,Botafogo - RJ,Atlético - GO,1,3
2020,Bahia - BA,Atlético - PR,1,0
2020,Grêmio - RS,Atlético - MG,1,1
2020,Coritiba - PR,Fluminense - RJ,3,3
2020,São Paulo - SP,Internacional - RS,1,5
2020,Bragantino,Vasco da Gama - RJ,4,1
2020,Flamengo - RJ,Palmeiras - SP,2,0
2020,Fortaleza,Santos - SP,2,0
2020,Goiás - GO,Ceará - CE,0,4
2020,Corinthians - SP,Sport - PE,3,0
2020,São Paulo - SP,Coritiba - PR,1,1
2020,Vasco da Gama - RJ,Atlético - MG,3,2
2020,Internacional - RS,Grêmio - RS,2,1
2020,Atlético - PR,Flamengo - RJ,2,1
2020,Ceará - CE,Palmeiras - SP,2,1
2020,Santos - SP,Goiás - GO,3,4
2020,Sport - PE,Bahia - BA,2,0
2020,Atlético - GO,Fortaleza,2,0
2020,Fluminense - RJ,Botafogo - RJ,2,0
2020,Corinthians - SP,Bragantino,0,2
2020,Vasco da Gama - RJ,Bahia - BA,0,0
2020,Coritiba - PR,Grêmio - RS,1,1
2020,Ceará - CE,Atlético - PR,0,2
2020,Atlético - GO,São Paulo - SP,2,1
2020,Atlético - MG,Fortaleza,2,0
2020,Internacional - RS,Bragantino,2,1
2020,Fluminense - RJ,Goiás - GO,3,0
2020,Sport - PE,Flamengo - RJ,0,3
2020,Palmeiras - SP,Botafogo - RJ,1,1
2020,Santos - SP,Corinthians - SP,1,0
2020,Grêmio - RS,Santos - SP,3,3
2020,Bragantino,Atlético - GO,2,0
2020,Corinthians - SP,Ceará - CE,2,1
2020,Bahia - BA,Fluminense - RJ,0,1
2020,Goiás - GO,Atlético - MG,1,0
2020,Fortaleza,Coritiba - PR,3,1
2020,Flamengo - RJ,Vasco da Gama - RJ,2,0
2020,Atlético - PR,Internacional - RS,0,0
2020,Botafogo - RJ,Sport - PE,0,1
2020,São Paulo - SP,Palmeiras - SP,1,1
2020,Bahia - BA,Goiás - GO,3,3
2020,Atlético - GO,Santos - SP,1,1
2020,Bragantino,Flamengo - RJ,1,1
2020,Botafogo - RJ,Grêmio - RS,2,5
2020,Internacional - RS,Sport - PE,1,2
2020,Fortaleza,Vasco da Gama - RJ,3,0
2020,São Paulo - SP,Ceará - CE,1,1
2020,Fluminense - RJ,Atlético - MG,0,0
2020,Corinthians - SP,Atlético - PR,3,3
2020,Coritiba - PR,Palmeiras - SP,1,0
2020,Goiás - GO,Botafogo - RJ,2,0
2020,Santos - SP,Coritiba - PR,2,0
2020,Atlético - MG,Bahia - BA,1,1
2020,Flamengo - RJ,Corinthians - SP,2,1
2020,Vasco da Gama - RJ,Internacional - RS,0,2
2020,Palmeiras - SP,Fortaleza,3,0
2020,Atlético - PR,Atlético - GO,2,1
2020,Grêmio - RS,São Paulo - SP,1,2
2020,Ceará - CE,Fluminense - RJ,1,3
2020,Sport - PE,Bragantino,0,0
2020,Coritiba - PR,Ceará - CE,0,2
2020,Fortaleza,Bahia - BA,0,4
2020,Flamengo - RJ,Internacional - RS,2,1
2020,Corinthians - SP,Vasco da Gama - RJ,0,0
2020,Sport - PE,Atlético - MG,2,3
2020,Santos - SP,Fluminense - RJ,1,1
2020,Grêmio - RS,Atlético - PR,1,0
2020,Goiás - GO,Bragantino,0,0
2020,Palmeiras - SP,Atlético - GO,1,1
2020,Botafogo - RJ,São Paulo - SP,1,0
2020,Fluminense - RJ,Fortaleza,2,0
2020,Fluminense - RJ,Fortaleza,2,0
2020,Vasco da Gama - RJ,Goiás - GO,3,2
2020,Vasco da Gama - RJ,Goiás - GO,3,2
2020,São Paulo - SP,Flamengo - RJ,2,1
2020,São Paulo - SP,Flamengo - RJ,2,1
2020,Bragantino,Grêmio - RS,1,0
2020,Bragantino,Grêmio - RS,1,0
2020,Atlético - MG,Palmeiras - SP,2,0
2020,Atlético - MG,Palmeiras - SP,2,0
2020,Internacional - RS,Corinthians - SP,0,0
2020,Internacional - RS,Corinthians - SP,0,0
2020,Bahia - BA,Santos - SP,2,0
2020,Bahia - BA,Santos - SP,2,0
2020,Atlético - PR,Sport - PE,2,0
2020,Atlético - PR,Sport - PE,2,0
2020,Ceará - CE,Botafogo - RJ,2,1
2020,Ceará - CE,Botafogo - RJ,2,1
2020,Atlético - GO,Coritiba - PR,3,1
2020,Atlético - GO,Coritiba - PR,3,1
