ano,Apelido,AtletaID,ClubeID,Posicao,Pontos
2014,Abuda,79193,Chapecoense,mei,2.1095238095238096
2014,Airton,61985,Botafogo,mei,2.2916666666666674
2014,Alan Costa,82613,Internacional,zag,1.5777777777777777
2014,Alan Ruschel,63110,Internacional,lat,4.48
2014,Alan Santos,70132,Santos,mei,0.9285714285714286
2014,Alecsandro,37673,Flamengo,ata,2.9791666666666665
2014,Alex Silva,84861,Atlético-MG,lat,3.540909090909091
2014,Alison,73974,Santos,mei,1.6652173913043478
2014,Alisson,81845,Cruzeiro,mei,4.064285714285715
2014,Allione,84585,Palmeiras,mei,-0.2666666666666666
2014,Anderson Martins,52618,Corinthians,zag,2.6941176470588237
2014,André,68690,Atlético-MG,ata,1.4421052631578946
2014,Aranha,37984,Santos,gol,4.25
2014,Arouca,37718,Santos,mei,3.870967741935485
2014,Arthur ,80337,Flamengo,ata,2.025
2014,Breno Lopes,86411,Cruzeiro,lat,1.8
2014,Bressan,72491,Grêmio,zag,2.3
2014,Bruno,42499,Fluminense,lat,2.4620689655172416
2014,Bruno Henrique,70944,Corinthians,mei,2.3619047619047615
2014,Bruno Paulista,88933,Bahia,mei,3.7428571428571433
2014,Bruno Rodrigo,51705,Cruzeiro,zag,3.69
2014,Bruno Silva,68698,Chapecoense,mei,4.039999999999999
2014,Caju,89342,Santos,lat,5.954545454545454
2014,Camilo,62009,Chapecoense,mei,3.3875000000000006
2014,Canteros,73918,Flamengo,mei,1.6666666666666667
2014,Carlos Alberto,37652,Botafogo,mei,1.2076923076923074
2014,Clayton,81770,Figueirense,ata,2.540909090909091
2014,Cleberson,80281,Atlético-PR,zag,2.9588235294117644
2014,Cléber Reis,72376,Corinthians,zag,4.635714285714286
2014,Conca,50348,Fluminense,mei,5.711111111111112
2014,Cássio,42234,Corinthians,gol,3.0260869565217394
2014,César,78086,Flamengo,gol,-5.5
2014,Cícero,37688,Fluminense,mei,3.3950000000000005
2014,Cícero,37688,Santos,mei,3.8833333333333333
2014,Daniel,85629,Botafogo,mei,5.291666666666667
2014,Daniel Guedes ,88225,Santos,lat,9.35
2014,Danilo,38067,Corinthians,mei,2.0666666666666664
2014,Danilo Barcelos,84382,Sport,lat,3.6045454545454545
2014,David Braz,50317,Santos,zag,3.586666666666666
2014,Dedé,60819,Cruzeiro,zag,4.619047619047619
2014,Deivid,69018,Atlético-PR,mei,3.1636363636363636
2014,Diego Cavalieri,38431,Fluminense,gol,3.7880000000000007
2014,Diego Souza,68911,Sport,mei,3.194736842105263
2014,Dodô,84927,Atlético-MG,mei,6.3625
2014,Douglas Coutinho ,82469,Atlético-PR,ata,2.923076923076923
2014,Douglas Grolli,78407,Chapecoense,zag,3.438888888888889
2014,Dudu,68920,Grêmio,ata,3.5428571428571427
2014,Durval,38100,Sport,zag,2.5911764705882354
2014,Edinho,37792,Grêmio,mei,0.43999999999999984
2014,Edson,80370,Fluminense,mei,2.211764705882353
2014,Edu Dracena,37657,Santos,zag,2.9052631578947365
2014,Eduardo Henrique,78994,Atlético-MG,mei,0.8999999999999999
2014,Eduardo da Silva,72893,Flamengo,ata,4.152941176470589
2014,Edílson,38523,Botafogo,lat,5.486666666666665
2014,Egídio,42145,Cruzeiro,lat,3.206451612903226
2014,Elias,54395,Corinthians,mei,3.9333333333333336
2014,Emerson Sheik,68744,Botafogo,ata,3.6142857142857143
2014,Erazo,81223,Flamengo,zag,4.05
2014,Escudero,72745,Vitória,mei,0.4624999999999999
2014,Euller ,84890,Vitória,lat,1.6888888888888889
2014,Everaldo,78117,Figueirense,ata,3.034782608695653
2014,Everton,50301,Flamengo,mei,3.2714285714285727
2014,Everton,86757,Grêmio,ata,1.8199999999999998
2014,Fabiano,79887,Chapecoense,lat,2.7034482758620695
2014,Fabrício,49674,Internacional,lat,3.9562500000000007
2014,Fagner,42500,Corinthians,lat,3.635294117647059
2014,Feijão,84313,Bahia,mei,0.575
2014,Felipe Garcia,42330,Fluminense,gol,0.6000000000000002
2014,Fellipe Bastos,70116,Grêmio,mei,3.6666666666666674
2014,Fernandinho,68758,Atlético-MG,ata,3.8333333333333326
2014,Fernandinho,68758,Grêmio,ata,1.59
2014,Fernando Prass,38140,Palmeiras,gol,3.86
2014,Fillipe Soutto,70581,Atlético-MG,mei,1.2666666666666666
2014,Fred,38162,Fluminense,ata,5.982142857142856
2014,Fábio,37656,Cruzeiro,gol,3.410526315789474
2014,Fábio Santos,38229,Corinthians,lat,4.434285714285714
2014,Gabriel,73515,Flamengo,mei,1.7749999999999997
2014,Gabriel,78605,Botafogo,mei,3.8588235294117643
2014,Gatito Fernández,74061,Vitória,gol,1.5857142857142854
2014,Geuvânio,73896,Santos,ata,3.556521739130435
2014,Gilberto ,80313,Internacional,lat,2.4307692307692315
2014,Giovanni,68979,Atlético-MG,gol,3.4199999999999995
2014,Giovanni Augusto,68938,Figueirense,mei,2.7086956521739127
2014,Guilherme,50294,Atlético-MG,ata,1.3473684210526315
2014,Gum,68887,Fluminense,zag,2.7066666666666666
2014,Gustavo,37840,Atlético-PR,zag,2.0599999999999996
2014,Gustavo Ferrareis,89815,Internacional,mei,0.25
2014,Gustavo Scarpa,87999,Fluminense,mei,-0.033333333333333326
2014,Helton Leite,79973,Botafogo,gol,8.299999999999999
2014,Henrique,37694,Cruzeiro,mei,2.6833333333333327
2014,Henrique Almeida,68773,Bahia,ata,2.604166666666667
2014,Henrique Dourado,81905,Palmeiras,ata,3.671875000000001
2014,Hernane,72386,Flamengo,ata,1.3
2014,Hudson,50324,São Paulo,mei,2.546666666666667
2014,Hyoran,85931,Chapecoense,mei,0.9333333333333332
2014,Jadson,38315,Corinthians,mei,2.5642857142857154
2014,Jean,62047,Fluminense,mei,2.490625
2014,Jefferson,38109,Botafogo,gol,2.963636363636364
2014,Joel,82787,Coritiba,ata,3.795000000000001
2014,José Welison,86859,Vitória,mei,2.2200000000000006
2014,João Paulo,56102,Atlético-PR,mei,-0.36000000000000004
2014,João Pedro ,89273,Palmeiras,lat,2.68125
2014,Juan,36540,Internacional,zag,4.49047619047619
2014,Juan,37705,Vitória,lat,1.7347826086956524
2014,Judivan ,89190,Cruzeiro,ata,4.9
2014,Juninho,63119,Palmeiras,lat,1.9818181818181815
2014,Jô,38138,Atlético-MG,ata,1.575
2014,Kadu,50427,Vitória,zag,2.838461538461538
2014,Keirrison,50880,Coritiba,ata,2.6699999999999995
2014,Kieza,68930,Bahia,ata,2.3736842105263163
2014,Kleber,40179,Grêmio,ata,0.6
2014,Klever,68884,Fluminense,gol,0.6000000000000002
2014,Leandro Damião,68953,Santos,ata,3.123076923076923
2014,Leandro Donizete,51318,Atlético-MG,mei,1.671428571428572
2014,Leandro Pereira,78968,Chapecoense,ata,4.404347826086957
2014,Leandro Silva,77529,Figueirense,lat,2.4391304347826086
2014,Leonardo Silva,68925,Atlético-MG,zag,4.069565217391305
2014,Luan,63219,Atlético-MG,ata,3.83157894736842
2014,Luan,86759,Grêmio,ata,2.6392857142857133
2014,Lucas,50362,Botafogo,lat,1.4111111111111112
2014,Lucas Fonseca,80189,Bahia,zag,3.722727272727273
2014,Lucas Lima,80583,Santos,mei,3.2294117647058824
2014,Lucas Silva,79701,Cruzeiro,mei,2.0153846153846153
2014,Lucão,84554,São Paulo,zag,2.125
2014,Luis Fabiano,37919,São Paulo,ata,4.428571428571428
2014,Luis Ricardo,55348,São Paulo,lat,1.5666666666666667
2014,Luiz Antonio ,74060,Flamengo,mei,1.5760000000000003
2014,Léo,50459,Cruzeiro,zag,3.3241379310344827
2014,Léo,69177,Flamengo,lat,2.4
2014,Léo Moura,37701,Flamengo,lat,2.887500000000001
2014,Magrão,41218,Sport,gol,3.2172413793103454
2014,Maicon,38196,São Paulo,mei,1.8105263157894735
2014,Maicosuel,37851,Atlético-MG,mei,2.2642857142857142
2014,Manoel,69014,Cruzeiro,zag,4.723076923076923
2014,Marcelo Grohe,37770,Grêmio,gol,5.75
2014,Marcelo Oliveira,50328,Palmeiras,mei,1.0148148148148146
2014,Marcos Guilherme ,83266,Atlético-PR,mei,2.417142857142857
2014,Marcos Junior,80188,Vitória,ata,0.9833333333333333
2014,Marcos Rocha,63013,Atlético-MG,lat,4.821052631578948
2014,Marlone,80944,Cruzeiro,mei,2.0538461538461537
2014,Marquinhos,60788,Cruzeiro,ata,3.644444444444445
2014,Marquinhos,60788,Vitória,ata,6.2
2014,Marquinhos Gabriel,68954,Palmeiras,mei,2.4250000000000003
2014,Mayke,81150,Cruzeiro,lat,4.4931034482758605
2014,Mena,77967,Santos,lat,2.6799999999999993
2014,Michel Bastos,37607,São Paulo,lat,4.105555555555555
2014,Márcio Araújo,38311,Flamengo,mei,2.458064516129031
2014,Nathan,89156,Palmeiras,zag,1.27
2014,Negueba,70929,Flamengo,ata,0.4818181818181818
2014,Neilton,83772,Cruzeiro,ata,2.2
2014,Nenén,79892,Chapecoense,mei,1.0727272727272728
2014,Neto Berola,68807,Atlético-MG,ata,2.35
2014,Neto Moura,87742,Sport,mei,0.7
2014,Nicolas Careca,89341,Grêmio,ata,3.8
2014,Nilmar,37653,Internacional,ata,2.957142857142857
2014,Nino Paraíba,68808,Vitória,lat,2.168181818181818
2014,Osvaldo,42222,São Paulo,ata,1.9500000000000004
2014,Otávio ,82463,Atlético-PR,mei,0.175
2014,Pablo,69138,Figueirense,ata,2.7473684210526317
2014,Paolo Guerrero,75295,Corinthians,ata,4.607142857142856
2014,Pará,62086,Grêmio,lat,4.224242424242423
2014,Patric,60969,Sport,lat,4.453125
2014,Paulinho,78578,Flamengo,ata,1.7461538461538462
2014,Paulo Roberto,69047,Figueirense,mei,1.8384615384615388
2014,Paulo Victor,68873,Flamengo,gol,4.685185185185186
2014,Paulão,63172,Internacional,zag,4.8549999999999995
2014,Pedro Geromel,80853,Grêmio,zag,4.095652173913043
2014,Petros,78891,Corinthians,mei,4.877777777777777
2014,Pierre,38440,Atlético-MG,mei,1.5399999999999998
2014,Rafael,68928,Cruzeiro,gol,0.7
2014,Rafael Carioca,60784,Atlético-MG,mei,1.6333333333333333
2014,Rafael Galhardo,68821,Bahia,lat,9.440000000000001
2014,Rafael Moura,37655,Internacional,ata,2.9545454545454546
2014,Rafael Sobis,37798,Fluminense,ata,3.0096774193548397
2014,Ramiro,78715,Grêmio,mei,1.4636363636363638
2014,Reinaldo,78850,São Paulo,lat,2.69375
2014,Renato,38908,Santos,mei,1.8727272727272728
2014,Renê,78445,Sport,lat,3.4972972972972967
2014,Rhodolfo,42501,Grêmio,zag,3.439130434782609
2014,Ricardo Silva,79334,Atlético-PR,zag,11.8
2014,Rildo,73635,Santos,ata,1.7666666666666664
2014,Rithely,68834,Sport,mei,2.948484848484847
2014,Robinho,38246,Santos,ata,2.6437500000000003
2014,Robinho,62104,Coritiba,mei,2.27
2014,Rodrigo Caio,73800,São Paulo,zag,2.3499999999999996
2014,Rodriguinho,61033,Grêmio,mei,1.6909090909090911
2014,Roger Carvalho,51415,Vitória,zag,1.372222222222222
2014,Rogério,73540,Botafogo,ata,2.41875
2014,Ronaldo,85149,Sport,mei,0.6222222222222222
2014,Régis,82647,Chapecoense,mei,1.56
2014,Régis,82647,Sport,mei,1.5166666666666666
2014,Régis Souza,68995,Botafogo,lat,2.3923076923076922
2014,Réver,52253,Atlético-MG,zag,3.516666666666667
2014,Santos,69012,Atlético-PR,gol,1.2333333333333334
2014,Sassá,79578,Botafogo,ata,-0.65
2014,Serginho,88002,Santos,mei,0.29999999999999993
2014,Sidcley,86764,Atlético-PR,lat,1.9166666666666667
2014,Thiago Heleno,38394,Figueirense,zag,1.9666666666666668
2014,Thiago Maia,89637,Santos,mei,1.2
2014,Thiago Ribeiro,68929,Santos,ata,3.614285714285715
2014,Tiago ,79042,Atlético-MG,zag,7.039999999999999
2014,Valdívia,85423,Internacional,mei,2.8
2014,Vanderlei,62121,Coritiba,gol,3.1960000000000006
2014,Victor,52950,Atlético-MG,gol,3.9153846153846157
2014,Victor Ferraz,70046,Coritiba,lat,4.4
2014,Victor Ferraz,70046,Santos,lat,3.3800000000000003
2014,Victor Luis,86410,Palmeiras,lat,3.8115384615384604
2014,Wagner,37674,Fluminense,mei,3.7419354838709675
2014,Wallace Reis ,68958,Flamengo,zag,3.576666666666666
2014,Walter,51413,Corinthians,gol,4.133333333333334
2014,Walter,62128,Fluminense,ata,0.7681818181818183
2014,Wellington,62129,Internacional,mei,1.4421052631578946
2014,Wellington Paulista,38279,Internacional,ata,1.2500000000000002
2014,Wendel,38021,Sport,mei,0.7827586206896551
2014,Werley,62974,Grêmio,zag,3.853846153846154
2014,Wesley,50421,Palmeiras,mei,1.732
2014,Weverton,71631,Atlético-PR,gol,4.126666666666667
2014,William Matheus,62130,Palmeiras,lat,6.433333333333334
2014,Willian,42116,Cruzeiro,ata,2.8851851851851853
2014,Willian Arão,78478,Chapecoense,mei,-0.20000000000000007
2014,Willian Farias,63058,Cruzeiro,mei,1.4769230769230768
2014,Wilson,50284,Vitória,gol,3.963636363636364
2014,Yago,87747,Figueirense,mei,0.82
2014,Zeca,87192,Santos,lat,3.5666666666666673
2014,Zé Rafael ,82455,Coritiba,mei,0.9666666666666668
2014,Zé Roberto,36612,Grêmio,lat,2.8166666666666673
2014,Ángel Romero,88323,Corinthians,ata,1.394736842105263
2014,Éderson,73446,Atlético-PR,ata,2.058333333333333
2014,Élber,74140,Coritiba,mei,1.3235294117647058
2014,Élber,74140,Cruzeiro,mei,0.2
2014,Éverton Ribeiro,51772,Cruzeiro,mei,5.445161290322581
2015,Abuda,79193,Chapecoense,mei,-2.3
2015,Alan Costa,82613,Internacional,zag,8.8
2015,Alan Ruschel,63110,Internacional,lat,-3.0
2015,Alan Santos,70132,Coritiba,mei,-2.2
2015,Alecsandro,37673,Flamengo,ata,3.9
2015,Alex Muralha,79066,Figueirense,gol,16.4
2015,Alison,73974,Santos,mei,0.2
2015,Alisson,81845,Cruzeiro,mei,0.6
2015,Allione,84585,Palmeiras,mei,1.4
2015,Amaral,42232,Palmeiras,mei,-1.0
2015,André,68690,Sport,ata,-0.5
2015,Arouca,37718,Palmeiras,mei,-0.2
2015,Breno Lopes,86411,Fluminense,lat,12.0
2015,Bressan,72491,Flamengo,zag,0.4
2015,Bruno,42499,São Paulo,lat,-1.9
2015,Bruno Alves,73620,Figueirense,zag,-4.7
2015,Bruno Brígido,77556,Corinthians,gol,-4.0
2015,Bruno Henrique,70944,Corinthians,mei,-1.4
2015,Bruno Rodrigo,51705,Cruzeiro,zag,1.1
2015,Bruno Silva,68698,Chapecoense,mei,-1.3
2015,Caju,89342,Santos,lat,1.2
2015,Camilo,62009,Chapecoense,mei,5.7
2015,Canteros,73918,Flamengo,mei,-0.7
2015,Carlos Alberto,37652,Figueirense,mei,8.9
2015,Clayton,81770,Figueirense,ata,-2.5
2015,Cleberson,80281,Atlético-PR,zag,-1.6
2015,Cássio,42234,Corinthians,gol,4.1
2015,César,78086,Flamengo,gol,2.0
2015,Cícero,37688,Fluminense,mei,-0.4
2015,Daniel,85629,São Paulo,mei,0.4
2015,Daniel Guedes ,88225,Santos,lat,1.6
2015,Danilo,38067,Corinthians,mei,0.1
2015,Danilo Barcelos,84382,Sport,lat,-0.3
2015,David Braz,50317,Santos,zag,-2.0
2015,Deivid,69018,Atlético-PR,mei,5.3
2015,Diego Cavalieri,38431,Fluminense,gol,1.35
2015,Diego Souza,68911,Sport,mei,18.9
2015,Dodô,84927,Atlético-MG,mei,-1.1
2015,Douglas Coutinho ,82469,Atlético-PR,ata,0.4
2015,Douglas Grolli,78407,Cruzeiro,zag,3.5
2015,Dudu,68920,Palmeiras,ata,-0.2
2015,Durval,38100,Sport,zag,3.5
2015,Edinho,37792,Grêmio,mei,-1.1
2015,Edson,80370,Fluminense,mei,12.0
2015,Edu Dracena,37657,Corinthians,zag,5.2
2015,Eduardo,50645,Atlético-PR,lat,1.4
2015,Eduardo Henrique,78994,Atlético-MG,mei,4.9
2015,Eduardo da Silva,72893,Flamengo,ata,2.85
2015,Edílson,38523,Corinthians,lat,9.6
2015,Egídio,42145,Palmeiras,lat,-0.9
2015,Elias,54395,Corinthians,mei,0.6
2015,Emerson Sheik,68744,Corinthians,ata,0.2
2015,Erazo,81223,Grêmio,zag,-6.4
2015,Everaldo,78117,Figueirense,ata,0.9
2015,Everton,50301,Flamengo,mei,8.2
2015,Everton,86757,Grêmio,ata,2.9
2015,Fabiano,79887,Cruzeiro,lat,0.2
2015,Fabrício,49674,Cruzeiro,lat,0.8
2015,Fagner,42500,Corinthians,lat,2.6
2015,Fellipe Bastos,70116,Grêmio,mei,-0.3
2015,Fernandinho,68758,Grêmio,ata,0.7
2015,Fernando Prass,38140,Palmeiras,gol,0.7
2015,Fred,38162,Fluminense,ata,3.1
2015,Fábio,37656,Cruzeiro,gol,-2.0
2015,Fábio Santos,38229,Corinthians,lat,14.6
2015,Gabriel,73515,Flamengo,mei,0.6
2015,Gabriel,78605,Palmeiras,mei,3.7
2015,Geuvânio,73896,Santos,ata,2.9
2015,Giovanni Augusto,68938,Atlético-MG,mei,2.9
2015,Guilherme,50294,Atlético-MG,ata,0.4
2015,Guilherme Arana,87228,Atlético-PR,lat,8.4
2015,Gum,68887,Fluminense,zag,5.9
2015,Gustavo,37840,Atlético-PR,zag,4.2
2015,Gustavo Henrique,78248,Santos,zag,-6.6
2015,Gustavo Scarpa,87999,Fluminense,mei,-0.8
2015,Henrique,37694,Cruzeiro,mei,3.7
2015,Henrique Almeida,68773,Coritiba,ata,0.2
2015,Henrique Dourado,81905,Cruzeiro,ata,-0.7
2015,Hernane,72386,Sport,ata,4.4
2015,Hudson,50324,São Paulo,mei,4.0
2015,Hyoran,85931,Chapecoense,mei,0.1
2015,Jadson,38315,Corinthians,mei,10.9
2015,Jean,62047,Fluminense,mei,4.2
2015,Joel,82787,Cruzeiro,ata,0.7999999999999999
2015,João Paulo,56102,Corinthians,mei,0.8
2015,João Paulo,56102,Coritiba,mei,-1.2000000000000002
2015,João Pedro ,89273,Palmeiras,lat,1.05
2015,João Schmidt ,77777,São Paulo,mei,-1.4
2015,Juan,36540,Internacional,zag,1.6
2015,Juan,37705,Coritiba,lat,-0.3
2015,Judivan ,89190,Cruzeiro,ata,-0.5
2015,Juninho,63119,Figueirense,lat,3.6
2015,Jô,38138,Atlético-MG,ata,5.9
2015,Júlio César,49673,Fluminense,gol,-1.0
2015,Kadu,50427,Atlético-PR,zag,8.4
2015,Keirrison,50880,Coritiba,ata,-0.4
2015,Kleber,40179,Coritiba,ata,-0.7
2015,Klever,68884,Fluminense,gol,-2.0
2015,Leandro Damião,68953,Cruzeiro,ata,2.2
2015,Leandro Donizete,51318,Atlético-MG,mei,-0.6
2015,Leandro Pereira,78968,Palmeiras,ata,-2.2
2015,Leandro Silva,77529,Figueirense,lat,7.1
2015,Leonardo Silva,68925,Atlético-MG,zag,-1.6
2015,Luan,63219,Atlético-MG,ata,19.2
2015,Luan,86759,Grêmio,ata,14.1
2015,Lucas,50362,Palmeiras,lat,0.4
2015,Lucas Lima,80583,Santos,mei,4.5
2015,Lucas Otávio ,84896,Santos,mei,5.7
2015,Lucca,61149,Corinthians,ata,-0.3
2015,Lucão,84554,São Paulo,zag,0.2
2015,Luis Fabiano,37919,São Paulo,ata,8.1
2015,Luiz Antonio ,74060,Flamengo,mei,-1.3
2015,Léo,50459,Cruzeiro,zag,0.4
2015,Léo,69177,Internacional,lat,1.9
2015,Magrão,41218,Sport,gol,-2.0
2015,Maicon,38196,Grêmio,mei,-1.5
2015,Maicosuel,37851,Atlético-MG,mei,2.3
2015,Manoel,69014,Cruzeiro,zag,0.2
2015,Marcelo Grohe,37770,Grêmio,gol,2.4
2015,Marcelo Oliveira,50328,Grêmio,mei,0.8
2015,Marcos Guilherme ,83266,Atlético-PR,mei,5.9
2015,Marcos Junior,80188,Fluminense,ata,7.4
2015,Marcos Rocha,63013,Atlético-MG,lat,11.0
2015,Marlone,80944,Fluminense,mei,0.5
2015,Marquinhos,60788,Cruzeiro,ata,0.2
2015,Marquinhos Gabriel,68954,Santos,mei,-3.45
2015,Matheus Sales,89285,Palmeiras,mei,-0.4
2015,Mayke,81150,Cruzeiro,lat,-0.9
2015,Mena,77967,Cruzeiro,lat,8.9
2015,Michel Bastos,37607,São Paulo,lat,7.2
2015,Márcio Araújo,38311,Flamengo,mei,0.2
2015,Nathan,89156,Palmeiras,zag,-1.6
2015,Negueba,70929,Corinthians,ata,-0.2
2015,Neilton,83772,Cruzeiro,ata,1.5
2015,Nenén,79892,Chapecoense,mei,-0.25
2015,Neto Berola,68807,Santos,ata,6.7
2015,Neto Moura,87742,Sport,mei,8.6
2015,Nilmar,37653,Internacional,ata,6.1
2015,Nino Paraíba,68808,Avaí,lat,-1.2
2015,Osvaldo,42222,Fluminense,ata,-1.6
2015,Otávio ,82463,Atlético-PR,mei,8.6
2015,Paolo Guerrero,75295,Corinthians,ata,5.0
2015,Pará,62086,Flamengo,lat,2.8
2015,Patric,60969,Atlético-MG,lat,3.8
2015,Paulinho,78578,Flamengo,ata,-0.9
2015,Paulo Roberto,69047,Figueirense,mei,5.2
2015,Paulo Victor,68873,Flamengo,gol,1.4
2015,Paulão,63172,Internacional,zag,-3.9
2015,Pedro Geromel,80853,Grêmio,zag,-0.3
2015,Petros,78891,Corinthians,mei,3.6
2015,Pierre,38440,Fluminense,mei,1.4
2015,Rafael,68928,Cruzeiro,gol,3.7
2015,Rafael Carioca,60784,Atlético-MG,mei,-0.3
2015,Rafael Galhardo,68821,Grêmio,lat,1.4
2015,Rafael Moura,37655,Internacional,ata,2.7
2015,Rafael Thyere,83048,Grêmio,zag,1.4
2015,Ramiro,78715,Grêmio,mei,-1.2
2015,Reinaldo,78850,São Paulo,lat,-1.8
2015,Renan Ribeiro,68932,São Paulo,gol,3.4
2015,Renato,38908,Santos,mei,2.8
2015,Renato,39572,Fluminense,lat,5.3
2015,Renê,78445,Sport,lat,-6.7
2015,Rhodolfo,42501,Grêmio,zag,1.2
2015,Ricardo Silva,79334,Atlético-PR,zag,0.7
2015,Rildo,73635,Ponte Preta,ata,7.8
2015,Rithely,68834,Sport,mei,1.0
2015,Robert ,85121,Fluminense,mei,1.3
2015,Robinho,38246,Santos,ata,8.2
2015,Robinho,62104,Palmeiras,mei,0.3
2015,Rodrigo Caio,73800,São Paulo,zag,-1.4
2015,Rodriguinho,61033,Corinthians,mei,2.4
2015,Rogério,73540,São Paulo,ata,14.8
2015,Ronaldo,85149,Sport,mei,-0.8
2015,Régis,82647,Sport,mei,6.0
2015,Réver,52253,Internacional,zag,-0.6
2015,Santos,69012,Atlético-PR,gol,-4.0
2015,Serginho,88002,Santos,mei,1.7
2015,Sidcley,86764,Atlético-PR,lat,8.3
2015,Thiago Heleno,38394,Figueirense,zag,5.7
2015,Thiago Maia,89637,Santos,mei,-0.5
2015,Thiago Mendes,71123,São Paulo,mei,-0.5
2015,Thiago Ribeiro,68929,Atlético-MG,ata,0.1
2015,Tiago ,79042,Atlético-MG,zag,5.433333333333334
2015,Valdívia,85423,Internacional,mei,2.5
2015,Vanderlei,62121,Santos,gol,-4.3
2015,Victor,52950,Atlético-MG,gol,-1.9
2015,Victor Ferraz,70046,Santos,lat,7.2
2015,Wagner,37674,Fluminense,mei,-1.6
2015,Wallace Reis ,68958,Flamengo,zag,5.3
2015,Walter,51413,Corinthians,gol,10.4
2015,Walter,62128,Atlético-PR,ata,10.0
2015,Wellington,62129,Internacional,mei,-2.6
2015,Wellington Paulista,38279,Coritiba,ata,-1.1
2015,Wendel,38021,Sport,mei,2.1
2015,Werley,62974,Santos,zag,-0.9
2015,Wesley,50421,São Paulo,mei,3.5
2015,Weverton,71631,Atlético-PR,gol,11.5
2015,Willian,42116,Cruzeiro,ata,5.4
2015,Willian Farias,63058,Cruzeiro,mei,-0.3
2015,Wilson,50284,Coritiba,gol,7.7
2015,Yago,87747,Figueirense,mei,-0.4
2015,Zeca,87192,Santos,lat,7.8
2015,Zé Roberto,36612,Palmeiras,lat,7.8
2015,Ángel Romero,88323,Corinthians,ata,6.9
2015,Élber,74140,Sport,mei,6.5
2016,Abuda,79193,Ponte Preta,mei,0.4571428571428572
2016,Agenor,71724,Sport,gol,-1.52
2016,Airton,61985,Botafogo,mei,2.275
2016,Alan Costa,82613,Internacional,zag,-1.2399999999999998
2016,Alan Ruschel,63110,Chapecoense,lat,3.1599999999999997
2016,Alan Santos,70132,Coritiba,mei,0.7499999999999998
2016,Alecsandro,37673,Palmeiras,ata,1.3384615384615384
2016,Alex Muralha,79066,Flamengo,gol,4.054166666666667
2016,Alex Silva,84861,Atlético-MG,lat,1.0
2016,Alison,73974,Santos,mei,0.4
2016,Alisson,81845,Cruzeiro,mei,2.8550000000000004
2016,Allione,84585,Palmeiras,mei,1.4
2016,Amaral,42232,Coritiba,mei,3.1875000000000004
2016,André,68690,Corinthians,ata,1.3799999999999997
2016,Aranha,37984,Ponte Preta,gol,2.05
2016,Arouca,37718,Palmeiras,mei,-1.35
2016,Arthur ,80337,Santa Cruz,ata,2.74
2016,Breno Lopes,86411,Ponte Preta,lat,2.2166666666666663
2016,Bressan,72491,Grêmio,zag,3.483333333333334
2016,Bruno,42499,São Paulo,lat,2.6500000000000004
2016,Bruno Alves,73620,Figueirense,zag,2.7156249999999997
2016,Bruno Henrique,70944,Corinthians,mei,5.614285714285715
2016,Bruno Rodrigo,51705,Cruzeiro,zag,3.2629629629629626
2016,Bruno Silva,68698,Botafogo,mei,2.7896551724137932
2016,Caju,89342,Santos,lat,5.9
2016,Camilo,62009,Botafogo,mei,4.053846153846153
2016,Canteros,73918,Flamengo,mei,0.15
2016,Carlos Alberto,37652,Figueirense,mei,4.2
2016,Clayton,81770,Atlético-MG,ata,2.3185185185185184
2016,Cleberson,80281,Atlético-PR,zag,-0.9333333333333332
2016,Cássio,42234,Corinthians,gol,1.8250000000000002
2016,Cícero,37688,Fluminense,mei,3.0235294117647054
2016,Daniel,85629,São Paulo,mei,0.8666666666666668
2016,Daniel Guedes ,88225,Santos,lat,1.25
2016,Danilo,38067,Corinthians,mei,1.8833333333333335
2016,Danilo Barcelos,84382,América-MG,lat,3.103030303030303
2016,David Braz,50317,Santos,zag,2.46
2016,Deivid,69018,Atlético-PR,mei,4.688888888888889
2016,Diego Cavalieri,38431,Fluminense,gol,3.8599999999999994
2016,Diego Souza,68911,Sport,mei,5.060606060606059
2016,Diogo Barbosa,70916,Botafogo,lat,3.8769230769230774
2016,Dodô,84927,Figueirense,mei,2.452941176470588
2016,Douglas Coutinho ,82469,Cruzeiro,ata,2.142857142857143
2016,Douglas Grolli,78407,Ponte Preta,zag,2.1521739130434785
2016,Dudu,68920,Palmeiras,ata,4.315151515151516
2016,Durval,38100,Sport,zag,1.3299999999999998
2016,Edinho,37792,Coritiba,mei,0.9499999999999996
2016,Edinho,37792,Grêmio,mei,-1.25
2016,Edson,80370,Fluminense,mei,1.9949999999999999
2016,Edu Dracena,37657,Palmeiras,zag,3.447058823529412
2016,Eduardo,50645,Atlético-PR,lat,2.675
2016,Eduardo Henrique,78994,Atlético-MG,mei,2.6166666666666667
2016,Eduardo Henrique,78994,Internacional,mei,-0.08333333333333348
2016,Edílson,38523,Grêmio,lat,3.844
2016,Egídio,42145,Palmeiras,lat,4.271428571428571
2016,Elias,54395,Corinthians,mei,2.16
2016,Emerson Sheik,68744,Flamengo,ata,1.2199999999999998
2016,Erazo,81223,Atlético-MG,zag,2.3449999999999998
2016,Erik,84848,Palmeiras,ata,3.325
2016,Euller ,84890,Vitória,lat,2.7807692307692307
2016,Everaldo,78117,Santa Cruz,ata,0.6666666666666666
2016,Everton,50301,Flamengo,mei,2.9413793103448276
2016,Everton,86757,Grêmio,ata,2.980769230769231
2016,Ezequiel ,80318,Cruzeiro,lat,3.027272727272727
2016,Fabiano,79887,Palmeiras,lat,3.5333333333333337
2016,Fabrício,49674,Palmeiras,lat,0.7200000000000001
2016,Fagner,42500,Corinthians,lat,4.462500000000001
2016,Fernandinho,68758,Flamengo,ata,2.7791666666666663
2016,Fernando Miguel,71571,Vitória,gol,2.776923076923077
2016,Fernando Prass,38140,Palmeiras,gol,3.2153846153846155
2016,Fred,38162,Atlético-MG,ata,4.275000000000001
2016,Fred,38162,Fluminense,ata,3.5500000000000003
2016,Fábio,37656,Cruzeiro,gol,0.2533333333333332
2016,Fábio Santos,38229,Atlético-MG,lat,4.05
2016,Gabriel,73515,Flamengo,mei,2.4571428571428573
2016,Gabriel,78605,Palmeiras,mei,0.5
2016,Gabriel,87393,Atlético-MG,zag,2.366666666666667
2016,Gatito Fernández,74061,Figueirense,gol,2.8173913043478267
2016,Giovanni,68979,Atlético-MG,gol,3.9
2016,Giovanni Augusto,68938,Corinthians,mei,2.570967741935485
2016,Guilherme,50294,Corinthians,ata,3.0749999999999993
2016,Guilherme Arana,87228,Corinthians,lat,2.2
2016,Gum,68887,Fluminense,zag,2.2818181818181817
2016,Gustavo,86932,Corinthians,ata,0.575
2016,Gustavo Ferrareis,89815,Internacional,mei,1.6124999999999998
2016,Gustavo Henrique,78248,Santos,zag,2.754166666666667
2016,Gustavo Scarpa,87999,Fluminense,mei,4.97878787878788
2016,Helton Leite,79973,Botafogo,gol,2.0
2016,Henrique,37694,Cruzeiro,mei,4.338709677419355
2016,Henrique Almeida,68773,Grêmio,ata,1.6066666666666662
2016,Henrique Dourado,81905,Fluminense,ata,1.8499999999999996
2016,Hudson,50324,São Paulo,mei,4.111111111111112
2016,Hyoran,85931,Chapecoense,mei,2.3
2016,Jailson,72290,Palmeiras,gol,4.5470588235294125
2016,Jean,62047,Palmeiras,mei,3.0970588235294114
2016,Joel,82787,Santos,ata,1.8615384615384611
2016,José Welison,86859,Vitória,mei,1.0
2016,João Paulo,56102,Coritiba,mei,1.2821428571428573
2016,João Paulo,72168,Santa Cruz,mei,3.1843750000000006
2016,João Pedro ,89273,Palmeiras,lat,3.8
2016,João Schmidt ,77777,São Paulo,mei,2.522727272727272
2016,Juan,36540,Flamengo,zag,3.4875
2016,Juan,37705,Coritiba,lat,4.749999999999999
2016,Júlio César,49673,Fluminense,gol,1.2230769230769227
2016,Kadu,50427,Ponte Preta,zag,1.4666666666666668
2016,Kieza,68930,Vitória,ata,2.8885714285714292
2016,Kleber,40179,Coritiba,ata,4.4
2016,Leandrinho,89885,Botafogo,mei,0.9875
2016,Leandro Damião,68953,Flamengo,ata,2.276923076923077
2016,Leandro Donizete,51318,Atlético-MG,mei,2.1714285714285717
2016,Leandro Pereira,78968,Palmeiras,ata,2.8899999999999997
2016,Leonardo Silva,68925,Atlético-MG,zag,3.7083333333333326
2016,Luan,63219,Atlético-MG,ata,3.0124999999999997
2016,Luan,86759,Grêmio,ata,4.883333333333334
2016,Lucas,50362,Cruzeiro,lat,0.561111111111111
2016,Lucas Lima,80583,Santos,mei,1.96
2016,Lucca,61149,Corinthians,ata,1.8599999999999999
2016,Lucão,84554,São Paulo,zag,4.233333333333333
2016,Luis Ricardo,55348,Botafogo,lat,4.41578947368421
2016,Luiz Antonio ,74060,Sport,mei,-0.95
2016,Léo,50459,Cruzeiro,zag,2.806666666666666
2016,Léo,69177,Atlético-PR,lat,3.9551724137931035
2016,Léo,87008,Grêmio,gol,2.5666666666666664
2016,Léo Moura,37701,Santa Cruz,lat,3.3064516129032264
2016,Magrão,41218,Sport,gol,3.22962962962963
2016,Maicon,38196,Grêmio,mei,1.8299999999999996
2016,Maicosuel,37851,Atlético-MG,mei,2.7214285714285715
2016,Manoel,69014,Cruzeiro,zag,1.70625
2016,Marcelo Grohe,37770,Grêmio,gol,3.472000000000001
2016,Marcelo Oliveira,50328,Grêmio,mei,3.54
2016,Marcos Guilherme ,83266,Atlético-PR,mei,1.0150000000000001
2016,Marcos Junior,80188,Fluminense,ata,2.4464285714285725
2016,Marcos Rocha,63013,Atlético-MG,lat,5.223076923076922
2016,Marlone,80944,Corinthians,mei,4.63913043478261
2016,Marquinhos,60788,Internacional,ata,0.6
2016,Marquinhos Gabriel,68954,Corinthians,mei,3.2212121212121207
2016,Matheus Sales,89285,Palmeiras,mei,0.8999999999999999
2016,Mayke,81150,Cruzeiro,lat,3.825
2016,Mena,77967,São Paulo,lat,1.1
2016,Michel Bastos,37607,São Paulo,lat,0.43571428571428567
2016,Márcio Araújo,38311,Flamengo,mei,3.3000000000000007
2016,Negueba,70929,Coritiba,ata,2.25
2016,Negueba,70929,Grêmio,ata,1.7727272727272727
2016,Neilton,83772,Botafogo,ata,3.490909090909091
2016,Nenén,79892,Chapecoense,mei,0.0
2016,Neto Berola,68807,Coritiba,ata,2.5857142857142854
2016,Neto Moura,87742,Sport,mei,2.2181818181818183
2016,Nino Paraíba,68808,Ponte Preta,lat,3.3346153846153848
2016,Osvaldo,42222,Fluminense,ata,1.06
2016,Otávio ,82463,Atlético-PR,mei,1.9542857142857148
2016,Pablo,69138,Atlético-PR,ata,2.5424242424242425
2016,Paolo Guerrero,75295,Flamengo,ata,4.147619047619047
2016,Pará,62086,Flamengo,lat,4.207692307692307
2016,Patric,60969,Atlético-MG,lat,3.5388888888888883
2016,Paulinho,78578,Santos,ata,2.1999999999999997
2016,Paulo Roberto,69047,Sport,mei,2.661538461538462
2016,Paulo Victor,68873,Flamengo,gol,7.4799999999999995
2016,Paulão,63172,Internacional,zag,2.146666666666667
2016,Pedro Geromel,80853,Grêmio,zag,5.923076923076923
2016,Pedro Henrique,87225,Corinthians,zag,2.123076923076923
2016,Pierre,38440,Fluminense,mei,1.0444444444444447
2016,Rafael,68928,Cruzeiro,gol,4.36875
2016,Rafael Carioca,60784,Atlético-MG,mei,2.6518518518518515
2016,Rafael Galhardo,68821,Atlético-PR,lat,1.5833333333333333
2016,Rafael Moura,37655,Figueirense,ata,2.4142857142857146
2016,Rafael Sobis,37798,Cruzeiro,ata,4.622727272727273
2016,Rafael Thyere,83048,Grêmio,zag,2.5555555555555554
2016,Ramiro,78715,Grêmio,mei,1.265
2016,Reinaldo,78850,Ponte Preta,lat,4.187096774193548
2016,Renan Ribeiro,68932,São Paulo,gol,4.35
2016,Renato,38908,Santos,mei,2.3736842105263154
2016,Renê,78445,Sport,lat,4.622727272727273
2016,Rildo,73635,Corinthians,ata,1.842857142857143
2016,Rithely,68834,Sport,mei,3.2531249999999994
2016,Robinho,38246,Atlético-MG,ata,4.913333333333335
2016,Robinho,62104,Cruzeiro,mei,3.9958333333333336
2016,Rodrigo,86935,Palmeiras,mei,-0.8
2016,Rodrigo Caio,73800,São Paulo,zag,3.4699999999999998
2016,Rodriguinho,61033,Corinthians,mei,2.9827586206896544
2016,Rogério,73540,Sport,ata,4.331999999999999
2016,Rogério,73540,São Paulo,ata,2.575
2016,Ronaldo,85149,Sport,mei,2.01
2016,Ronaldo Alves,68950,Sport,zag,3.6555555555555563
2016,Réver,52253,Flamengo,zag,4.167857142857143
2016,Róger Guedes,89898,Palmeiras,ata,3.0903225806451617
2016,Santos,69012,Atlético-PR,gol,3.3999999999999995
2016,Sassá,79578,Botafogo,ata,4.325
2016,Serginho,88002,Santos,mei,1.24
2016,Serginho,88002,Vitória,mei,2.0416666666666665
2016,Sidcley,86764,Atlético-PR,lat,3.5999999999999996
2016,Thiago Heleno,38394,Atlético-PR,zag,3.606451612903226
2016,Thiago Maia,89637,Santos,mei,1.84
2016,Thiago Mendes,71123,São Paulo,mei,4.04516129032258
2016,Tiago ,79042,Atlético-MG,zag,4.42
2016,Tiago Real,70058,Vitória,mei,0.14090909090909087
2016,Valdívia,85423,Internacional,mei,2.4230769230769234
2016,Vanderlei,62121,Santos,gol,5.133333333333334
2016,Victor,52950,Atlético-MG,gol,2.6666666666666665
2016,Victor Ferraz,70046,Santos,lat,3.5999999999999996
2016,Victor Luis,86410,Botafogo,lat,5.680000000000001
2016,Vinícius Tanque,88651,Botafogo,ata,0.18750000000000003
2016,Wallace Reis ,68958,Grêmio,zag,4.2875000000000005
2016,Walter,51413,Corinthians,gol,4.286666666666666
2016,Walter,62128,Atlético-PR,ata,1.726315789473684
2016,Wellington,62129,São Paulo,mei,-0.9
2016,Wellington Paulista,38279,Ponte Preta,ata,1.4666666666666668
2016,Wendel,38021,Ponte Preta,mei,2.6
2016,Werley,62974,Figueirense,zag,1.995238095238096
2016,Wesley,50421,São Paulo,mei,2.0149999999999997
2016,Weverton,71631,Atlético-PR,gol,2.3000000000000003
2016,William Matheus,62130,Fluminense,lat,3.063157894736842
2016,Willian,42116,Cruzeiro,ata,2.6064516129032262
2016,Willian Arão,78478,Flamengo,mei,4.221621621621622
2016,Willian Farias,63058,Vitória,mei,2.528125
2016,Wilson,50284,Coritiba,gol,5.380000000000001
2016,Yago,87747,Figueirense,mei,0.18333333333333338
2016,Zeca,87192,Santos,lat,3.5103448275862075
2016,Zé Roberto,36612,Palmeiras,lat,3.076923076923077
2016,Ángel Romero,88323,Corinthians,ata,3.5555555555555554
2016,Élber,74140,Cruzeiro,mei,4.1461538461538465
2017,Abuda,79193,Atlético-GO,mei,3.3
2017,Aderllan Santos,93296,São Paulo,zag,2.1
2017,Adilson,50307,Atlético-MG,mei,1.275
2017,Agenor,71724,Sport,gol,6.050000000000001
2017,Airton,61985,Botafogo,mei,0.8
2017,Airton ,72297,Avaí,zag,3.175
2017,Alan Cardoso,93785,Vasco,lat,-1.3
2017,Alan Costa,82613,Vitória,zag,2.46
2017,Alan Ruschel,63110,Chapecoense,lat,2.04
2017,Alan Santos,70132,Coritiba,mei,2.759259259259259
2017,Alecsandro,37673,Coritiba,ata,0.028571428571428407
2017,Alejandro Guerra,74213,Palmeiras,mei,3.526315789473684
2017,Alex Muralha,79066,Flamengo,gol,2.525
2017,Alex Silva,84861,Atlético-MG,lat,3.266666666666667
2017,Alison,73974,Santos,mei,4.248
2017,Alison,93806,Atlético-GO,ata,0.4857142857142857
2017,Alisson,81845,Cruzeiro,mei,3.795652173913044
2017,Allione,84585,Bahia,mei,2.0391304347826082
2017,Amaral,42232,Chapecoense,mei,1.3999999999999997
2017,Anderson,38001,Bahia,gol,-2.0
2017,Anderson,38852,Coritiba,mei,0.15555555555555564
2017,Anderson Martins,52618,Vasco,zag,3.528571428571429
2017,Andrei Girotto,83683,Chapecoense,mei,2.153846153846154
2017,Andres Chavez,89839,São Paulo,ata,1.4
2017,Andrey,93787,Vasco,mei,2.22
2017,Andrezinho,38768,Vasco,mei,0.9
2017,Andrigo,89930,Atlético-GO,mei,3.163636363636364
2017,André,68690,Sport,ata,5.269696969696969
2017,André Castro,82754,Atlético-GO,mei,1.9777777777777772
2017,André Lima,68893,Vitória,ata,2.9684210526315793
2017,Andrés Ríos,81684,Vasco,ata,2.5823529411764707
2017,Anselmo,68910,Sport,mei,3.4899999999999998
2017,Antônio Carlos ,79702,Palmeiras,zag,1.975
2017,Apodi,51042,Chapecoense,lat,3.5799999999999987
2017,Aranha,37984,Ponte Preta,gol,4.216000000000001
2017,Araruna,95660,São Paulo,mei,1.2999999999999998
2017,Arboleda,91573,São Paulo,zag,3.0173913043478264
2017,Ariel Cabral,80363,Cruzeiro,mei,1.2181818181818185
2017,Armero,68693,Bahia,lat,-0.07499999999999996
2017,Arnaldo,78497,Botafogo,lat,4.6
2017,Arouca,37718,Palmeiras,mei,1.2
2017,Arrascaeta,87863,Cruzeiro,mei,3.7923076923076917
2017,Arroyo,74134,Grêmio,ata,0.6857142857142858
2017,Arthur,90532,Grêmio,mei,3.695833333333333
2017,Arthur,99670,Cruzeiro,zag,1.2000000000000002
2017,Arthur ,80337,Chapecoense,ata,5.0633333333333335
2017,Arthur Gomes,96966,Santos,ata,2.6888888888888887
2017,Balbino,89227,Grêmio,mei,-1.6
2017,Balbuena,87887,Corinthians,zag,5.113333333333333
2017,Batista,92504,Grêmio,ata,3.266666666666666
2017,Baumjohann,71389,Coritiba,mei,2.1
2017,Berrío ,85300,Flamengo,ata,0.9444444444444441
2017,Beto da Silva,87028,Grêmio,ata,1.28
2017,Betão,37646,Avaí,zag,2.6812500000000004
2017,Bissoli,100762,São Paulo,ata,1.4
2017,Borja,86120,Palmeiras,ata,2.9666666666666663
2017,Bremer,99817,Atlético-MG,zag,1.1500000000000001
2017,Brenner,80080,Botafogo,ata,4.4833333333333325
2017,Brenner,99789,São Paulo,ata,1.625
2017,Breno,50408,Vasco,zag,2.1916666666666664
2017,Breno Lopes,86411,Atlético-GO,lat,2.05
2017,Bressan,72491,Grêmio,zag,1.2000000000000002
2017,Bruno,42499,São Paulo,lat,0.36250000000000004
2017,Bruno Alves,73620,São Paulo,zag,2.7250000000000005
2017,Bruno Bispo,91359,Vitória,zag,3.4
2017,Bruno Brígido,77556,Coritiba,gol,-2.0
2017,Bruno Cortez,72079,Grêmio,lat,4.220000000000001
2017,Bruno Grassi,71818,Grêmio,gol,4.0
2017,Bruno Guimarães,98352,Atlético-PR,mei,-1.9
2017,Bruno Henrique,70944,Palmeiras,mei,3.8133333333333326
2017,Bruno Henrique,90285,Santos,ata,6.016
2017,Bruno Pacheco,90061,Atlético-GO,lat,3.1076923076923078
2017,Bruno Paulista,88933,Vasco,mei,1.218181818181818
2017,Bruno Rodrigo,51705,Grêmio,zag,3.5714285714285716
2017,Bruno Silva,68698,Botafogo,mei,3.9066666666666676
2017,Bruno Xavier,95288,Sport,mei,-1.1
2017,Bryan,78632,Cruzeiro,lat,1.9666666666666675
2017,Buffarini,87350,São Paulo,lat,1.9666666666666666
2017,Caio César,86974,Avaí,mei,2.7
2017,Caio Monteiro,93789,Vasco,ata,2.3833333333333333
2017,Caju,89342,Santos,lat,2.4
2017,Camacho,68770,Corinthians,mei,0.8869565217391302
2017,Camilo,62009,Botafogo,mei,0.04999999999999996
2017,Canteros,73918,Chapecoense,mei,2.8076923076923075
2017,Capa,86874,Avaí,lat,4.230769230769231
2017,Capixaba,94894,Atlético-MG,ata,0.4
2017,Carlinhos,96831,Corinthians,ata,0.7
2017,Carlos Alberto,37652,Atlético-PR,mei,0.45
2017,Carlos Eduardo,50369,Vitória,mei,0.6454545454545454
2017,Cascardo,90587,Atlético-PR,lat,2.88
2017,Cazares,81682,Atlético-MG,mei,2.4846153846153842
2017,Caíque,92207,Vitória,gol,2.422222222222222
2017,Caíque França,91808,Corinthians,gol,1.5
2017,Caíque Sá,87437,Vitória,lat,2.288888888888889
2017,Claudinho,92630,Ponte Preta,ata,0.47777777777777775
2017,Clayson,83817,Corinthians,ata,2.6285714285714277
2017,Clayton,81770,Atlético-MG,ata,0.18333333333333326
2017,Clayton,81770,Corinthians,ata,4.8
2017,Cleiton,93882,Atlético-MG,gol,1.4500000000000002
2017,Cleiton Xavier,38530,Vitória,mei,1.8142857142857143
2017,Cléber Reis,72376,Coritiba,zag,3.4857142857142853
2017,Cléber Reis,72376,Santos,zag,4.5
2017,Conca,50348,Flamengo,mei,-0.95
2017,Conrado,99625,Grêmio,mei,3.4199999999999995
2017,Copete,77959,Santos,ata,3.014814814814814
2017,Cristian,37608,Grêmio,mei,1.92
2017,Cueva,82411,São Paulo,mei,4.444
2017,Cuéllar,71709,Flamengo,mei,5.345454545454545
2017,Cássio,42234,Corinthians,gol,4.434782608695653
2017,César,78086,Flamengo,gol,3.4
2017,Cícero,37688,São Paulo,mei,-1.1375
2017,Daniel,85629,Coritiba,mei,0.8333333333333334
2017,Daniel Guedes ,88225,Santos,lat,2.673333333333334
2017,Danilinho,38617,Vitória,ata,2.9
2017,Danilo,38067,Corinthians,mei,0.2
2017,Danilo Barcelos,84382,Atlético-MG,mei,-0.2
2017,Danilo Barcelos,84382,Ponte Preta,mei,3.0578947368421048
2017,David,90309,Vitória,ata,3.3000000000000003
2017,David Braz,50317,Santos,zag,4.242307692307692
2017,Deivid,69018,Atlético-PR,mei,0.48
2017,Denilson,84718,São Paulo,ata,2.42
2017,Deyverson,92708,Palmeiras,ata,4.14736842105263
2017,Diego,38909,Flamengo,mei,5.218518518518518
2017,Diego Alves,38509,Flamengo,gol,3.5157894736842104
2017,Diego Cavalieri,38431,Fluminense,gol,2.1699999999999995
2017,Diego Renan,68725,Chapecoense,lat,1.7
2017,Diego Rosa,71927,Atlético-GO,mei,3.725
2017,Diego Souza,68911,Sport,mei,4.0280000000000005
2017,Diego Tavares,83869,Avaí,lat,2.52
2017,Digão,68886,Cruzeiro,zag,1.98
2017,Diogo Barbosa,70916,Cruzeiro,lat,4.470370370370369
2017,Dionathã,99834,Grêmio,ata,2.6999999999999997
2017,Dodô,84927,Chapecoense,mei,1.9
2017,Dodô,94985,Coritiba,lat,1.9312499999999995
2017,Douglas,63128,Chapecoense,zag,3.0090909090909093
2017,Douglas,63128,São Paulo,zag,0.9
2017,Douglas,92497,Fluminense,mei,4.058333333333334
2017,Douglas,95876,Vasco,mei,4.25
2017,Douglas,99824,Bahia,ata,0.7
2017,Douglas Coutinho ,82469,Atlético-PR,ata,2.2904761904761908
2017,Douglas Friedrich,78584,Avaí,gol,6.391999999999999
2017,Douglas Grolli,78407,Chapecoense,zag,1.0833333333333333
2017,Dudu,68920,Palmeiras,ata,5.636
2017,Dudu Cearense,38928,Botafogo,mei,0.9923076923076924
2017,Durval,38100,Sport,zag,3.0619047619047626
2017,Eder Luis,38508,Vasco,ata,0.9333333333333335
2017,Ederson,70173,Flamengo,mei,-0.6
2017,Edigar Junio,74271,Bahia,ata,5.217391304347827
2017,Edimar,62024,São Paulo,lat,2.516666666666667
2017,Edinho,37792,Coritiba,mei,-0.042857142857142864
2017,Edson,80370,Bahia,mei,4.699999999999999
2017,Edu Dracena,37657,Palmeiras,zag,2.9791666666666674
2017,Eduardo,50645,Bahia,lat,3.275000000000001
2017,Eduardo,69036,Atlético-GO,lat,-0.30000000000000004
2017,Eduardo Bauermann,86970,Atlético-GO,zag,1.5363636363636366
2017,Eduardo Henrique,78994,Atlético-PR,mei,3.191666666666667
2017,Eduardo da Silva,72893,Atlético-PR,ata,0.9333333333333332
2017,Edílson,38523,Grêmio,lat,3.165
2017,Egídio,42145,Palmeiras,lat,5.471428571428571
2017,Elder Santana,84925,Atlético-MG,ata,1.95
2017,Elias,54395,Atlético-MG,mei,2.4714285714285715
2017,Elicarlos,50313,Chapecoense,mei,1.966666666666667
2017,Elton,71719,Ponte Preta,mei,0.9541666666666666
2017,Emanuel,100840,Grêmio,zag,-0.1
2017,Emerson,96870,Ponte Preta,lat,-0.8
2017,Emerson Barbosa,100800,Santos,lat,-2.8
2017,Emerson Santos,86972,Botafogo,zag,2.825
2017,Emerson Sheik,68744,Ponte Preta,ata,2.2285714285714286
2017,Emerson Silva,51299,Botafogo,zag,4.78
2017,Erazo,81223,Atlético-MG,zag,0.15000000000000013
2017,Ericson,100839,Grêmio,zag,-0.8
2017,Erik,84848,Palmeiras,ata,1.885714285714286
2017,Escudero,72745,Vasco,mei,0.38571428571428573
2017,Evander,93788,Vasco,mei,3.0599999999999996
2017,Evandro,91001,Sport,lat,1.3
2017,Everaldo,78117,Atlético-GO,ata,5.24
2017,Everson,91929,Bahia,zag,0.8
2017,Everton,50301,Flamengo,mei,3.854166666666666
2017,Everton,86757,Grêmio,ata,4.789655172413793
2017,Everton Felipe,86519,Sport,mei,1.6352941176470586
2017,Everton Heleno,68749,Atlético-GO,mei,-0.03333333333333335
2017,Ezequiel,99915,Botafogo,mei,3.7
2017,Ezequiel ,80318,Cruzeiro,lat,2.766666666666666
2017,Fabiano,79887,Palmeiras,lat,0.35
2017,Fabián Noguera,95837,Santos,zag,4.0
2017,Fabrício,49674,Atlético-PR,lat,3.38
2017,Fabrício,95539,Sport,mei,0.05
2017,Fabrício Bruno,90768,Chapecoense,zag,2.9500000000000006
2017,Fagner,42500,Corinthians,lat,4.882142857142857
2017,Fagner Alemão,83522,Avaí,lat,4.12
2017,Feijão,84313,Bahia,mei,-0.6333333333333333
2017,Felipe,100843,Grêmio,lat,2.6
2017,Felipe Garcia,42330,Atlético-GO,gol,1.4615384615384615
2017,Felipe Gedoz ,87864,Atlético-PR,mei,2.913333333333333
2017,Felipe Melo,38545,Palmeiras,mei,2.3
2017,Felipe Santana,42140,Atlético-MG,zag,4.0777777777777775
2017,Felipe Saraiva,99616,Ponte Preta,mei,1.5555555555555554
2017,Felipe Vizeu,94138,Flamengo,ata,2.5352941176470587
2017,Fellipe Bastos,70116,Corinthians,mei,0.09999999999999994
2017,Fernandes,90399,Botafogo,mei,-0.48
2017,Fernandinho,68758,Grêmio,ata,4.407407407407408
2017,Fernandinho,72150,Ponte Preta,lat,1.5666666666666664
2017,Fernando,100695,Palmeiras,ata,-0.8
2017,Fernando Bob,42213,Ponte Preta,mei,0.8562500000000002
2017,Fernando Guerrero,87872,Chapecoense,mei,-1.5
2017,Fernando Miguel,71571,Vitória,gol,3.3272727272727276
2017,Fernando Prass,38140,Palmeiras,gol,3.852000000000001
2017,Filigrana,97502,Coritiba,ata,1.411111111111111
2017,Fillipe Soutto,70581,Vitória,mei,1.7600000000000002
2017,Flávio,91102,Vitória,mei,0.0
2017,Frazan,97528,Fluminense,zag,-1.0833333333333335
2017,Fred,38162,Atlético-MG,ata,3.815384615384616
2017,Fred,72490,Vitória,zag,2.609090909090909
2017,Fábio,37656,Cruzeiro,gol,3.9650000000000007
2017,Fábio Braga,78464,Ponte Preta,mei,-0.45000000000000007
2017,Fábio Santos,38229,Atlético-MG,lat,3.8766666666666665
2017,Gabriel,73515,Flamengo,ata,-0.45
2017,Gabriel,78605,Corinthians,mei,3.2793103448275867
2017,Gabriel,87393,Atlético-MG,zag,3.595652173913044
2017,Gabriel,100763,São Paulo,mei,1.0
2017,Gabriel Furtado,97322,Palmeiras,mei,-1.75
2017,Gabriel Félix,92057,Vasco,gol,0.5666666666666668
2017,Gabriel Xavier,85040,Vitória,mei,1.4999999999999998
2017,Gastón Fernández,69160,Grêmio,mei,1.9000000000000001
2017,Gatito Fernández,74061,Botafogo,gol,4.191666666666667
2017,Geferson,89976,Vitória,lat,1.3733333333333326
2017,Getterson,73340,Coritiba,ata,0.6166666666666667
2017,Geuvânio,73896,Flamengo,ata,1.30625
2017,Gilberto,61188,São Paulo,ata,1.5066666666666668
2017,Gilberto ,80313,Vasco,lat,3.656521739130435
2017,Gilson,52674,Botafogo,lat,2.4541666666666666
2017,Gilvan,82773,Atlético-GO,zag,2.433333333333333
2017,Giovanni,68979,Atlético-MG,gol,-1.3
2017,Giovanni Augusto,68938,Corinthians,mei,3.1
2017,Grafite,38230,Atlético-PR,ata,-0.2833333333333334
2017,Guilherme,50294,Atlético-PR,mei,4.283333333333334
2017,Guilherme,94207,Botafogo,ata,3.3296296296296286
2017,Guilherme Arana,87228,Corinthians,lat,3.93448275862069
2017,Guilherme Costa,74081,Vasco,mei,1.9000000000000001
2017,Gum,68887,Fluminense,zag,0.9999999999999998
2017,Gustavo,37840,Avaí,zag,-0.6
2017,Gustavo,86932,Bahia,ata,0.6
2017,Gustavo Blanco,91191,Atlético-MG,mei,0.8124999999999999
2017,Gustavo Ferrareis,89815,Bahia,mei,1.0454545454545452
2017,Gustavo Henrique,78248,Santos,zag,5.7
2017,Gustavo Scarpa,87999,Fluminense,mei,4.35
2017,Helton Leite,79973,Botafogo,gol,1.0
2017,Henrique,37694,Cruzeiro,mei,2.4375000000000004
2017,Henrique,50856,Fluminense,zag,3.0833333333333335
2017,Henrique,84893,Vasco,lat,3.1777777777777776
2017,Henrique Almeida,68773,Coritiba,ata,3.189655172413793
2017,Henrique Dourado,81905,Fluminense,ata,3.9259259259259256
2017,Hernane,72386,Bahia,ata,0.54
2017,Hernanes,38648,São Paulo,mei,7.74736842105263
2017,Hudson,50324,Cruzeiro,mei,4.083333333333333
2017,Hyoran,85931,Palmeiras,mei,2.3
2017,Iago,88417,Coritiba,ata,-0.09999999999999999
2017,Igor,88667,Sport,zag,0.0
2017,Igor,93551,Atlético-GO,mei,2.7840000000000003
2017,Igor Rabello,89493,Botafogo,zag,2.967857142857144
2017,Jadson,38315,Corinthians,mei,2.195833333333333
2017,Jadson,80129,Ponte Preta,mei,1.1176470588235297
2017,Jael,60859,Grêmio,ata,0.033333333333333326
2017,Jailson,72290,Palmeiras,gol,5.52
2017,Jailson,90290,Grêmio,mei,1.2705882352941178
2017,Jandrei,86508,Chapecoense,gol,1.6379310344827587
2017,Jean,62047,Palmeiras,lat,3.689473684210526
2017,Jean,89150,Vasco,mei,3.7482758620689656
2017,Jean,90933,Bahia,gol,4.632258064516129
2017,Jean Mota,78548,Santos,mei,3.6370370370370364
2017,Jean Patrick,88379,Ponte Preta,lat,3.383333333333333
2017,Jean Pineda,97532,Vitória,ata,-0.1
2017,Jean Pyerre,98832,Grêmio,mei,2.8000000000000003
2017,Jeferson,84917,Ponte Preta,lat,2.3304347826086955
2017,Jefferson,38109,Botafogo,gol,7.783333333333334
2017,Jefferson Nem,90455,Atlético-GO,ata,0.26666666666666666
2017,Jesiel,91156,Atlético-MG,zag,4.3
2017,Jhemerson,97863,Vitória,mei,0.5666666666666668
2017,Joel,82787,Avaí,ata,2.0434782608695654
2017,Joel Carli,93414,Botafogo,zag,1.8481481481481483
2017,John Kleber,100648,Ponte Preta,ata,0.0
2017,Jomar,73876,Vasco,zag,0.4
2017,Jonas,85586,Coritiba,mei,4.566666666666666
2017,Jonata,92622,Cruzeiro,ata,0.7999999999999999
2017,Jonatan Gomez,94857,São Paulo,mei,0.17499999999999996
2017,Jonathan,37662,Atlético-PR,lat,4.0440000000000005
2017,Jonathan,86713,Atlético-GO,lat,2.356521739130435
2017,Jordi,86776,Vasco,gol,-2.0
2017,Jorge Mendoza,73144,Ponte Preta,mei,1.4
2017,Jorginho,77544,Atlético-GO,mei,2.2781249999999997
2017,José Welison,86859,Vitória,mei,1.1428571428571428
2017,João Carlos,69010,Ponte Preta,gol,2.5
2017,João Lucas,86740,Ponte Preta,lat,3.428571428571428
2017,João Paulo,56102,Coritiba,mei,0.27499999999999997
2017,João Paulo,62997,Avaí,lat,2.1923076923076925
2017,João Paulo,72168,Botafogo,mei,3.326923076923076
2017,João Paulo,85425,Santos,gol,10.7
2017,João Paulo,91972,Bahia,ata,2.8749999999999996
2017,João Pedro ,89273,Chapecoense,lat,1.8714285714285714
2017,João Schmidt ,77777,São Paulo,mei,1.6
2017,Juan,36540,Flamengo,zag,4.023076923076923
2017,Juan,37705,Avaí,mei,1.4454545454545455
2017,Jucilei,63422,São Paulo,mei,3.4933333333333336
2017,Judivan ,89190,Cruzeiro,ata,4.866666666666666
2017,Judson,84691,Avaí,mei,2.1966666666666668
2017,Juninho,63119,Vitória,lat,2.3750000000000004
2017,Juninho,71937,Bahia,mei,3.6320000000000006
2017,Juninho,92182,Palmeiras,zag,2.7210526315789476
2017,Juninho,94445,Sport,ata,1.7
2017,Juninho Capixaba,94968,Bahia,lat,3.029411764705883
2017,Jô,38138,Corinthians,ata,4.343333333333335
2017,Júlio César,49673,Fluminense,gol,1.43125
2017,Júlio César ,83813,Chapecoense,ata,1.1800000000000002
2017,Júnior,87946,Vitória,ata,0.8400000000000001
2017,Júnior Brumado,99894,Bahia,ata,0.03333333333333329
2017,Júnior Dutra,68784,Avaí,ata,4.458620689655173
2017,Júnior Tavares,89343,São Paulo,lat,3.4900000000000007
2017,Júnior Viçosa,63177,Atlético-GO,ata,0.35
2017,Kadu,50427,Ponte Preta,zag,4.25
2017,Kaio,92574,Grêmio,mei,3.0499999999999994
2017,Kannemann,87342,Grêmio,zag,3.94
2017,Kanu,51792,Vitória,zag,3.2999999999999994
2017,Kayke,50402,Santos,ata,1.5272727272727273
2017,Kazim,91519,Corinthians,ata,0.34545454545454546
2017,Keirrison,50880,Coritiba,ata,1.0400000000000003
2017,Kelvin,71549,Vasco,ata,2.05
2017,Keno,86485,Palmeiras,ata,4.853571428571429
2017,Kieza,68930,Vitória,ata,2.0076923076923077
2017,Kleber,40179,Coritiba,ata,2.4076923076923076
2017,Klever,68884,Atlético-GO,gol,3.6125
2017,Leandrinho,89885,Botafogo,mei,3.016666666666667
2017,Leandro Damião,68953,Flamengo,ata,4.483333333333333
2017,Leandro Donizete,51318,Santos,mei,-0.5857142857142856
2017,Leandro Pereira,78968,Sport,ata,2.3
2017,Leandro Salino,51905,Vitória,lat,3.0399999999999996
2017,Leandro Silva,77529,Avaí,lat,4.19655172413793
2017,Lenis,93746,Sport,ata,2.776470588235294
2017,Lennon,73869,Cruzeiro,lat,-2.0
2017,Leonan,89693,Atlético-MG,lat,3.1666666666666665
2017,Leonardo,86973,Grêmio,lat,3.3888888888888893
2017,Leonardo Silva,68925,Atlético-MG,zag,2.919047619047619
2017,Leonardo Valencia,91508,Botafogo,mei,0.20769230769230768
2017,Lima,96340,Grêmio,mei,-0.3
2017,Lincoln,90303,Grêmio,mei,1.2000000000000002
2017,Lincoln,100065,Flamengo,ata,-1.2666666666666666
2017,Lins,53669,Ponte Preta,ata,-0.06250000000000004
2017,Lourency,94249,Chapecoense,ata,1.9444444444444449
2017,Lourenço,99032,Avaí,ata,1.0750000000000002
2017,Luan,63219,Atlético-MG,ata,1.8499999999999999
2017,Luan,72565,Avaí,mei,1.18
2017,Luan,80692,Palmeiras,zag,2.494736842105264
2017,Luan,86759,Grêmio,ata,6.305555555555556
2017,Luan Peres ,84847,Ponte Preta,zag,2.2357142857142858
2017,Luanzinho,99900,Avaí,mei,1.8888888888888884
2017,Lucas,50362,Fluminense,lat,1.261538461538461
2017,Lucas Barrios,69282,Grêmio,ata,2.0
2017,Lucas Campos,99903,Botafogo,ata,-0.3
2017,Lucas Crispim,88597,Santos,mei,0.39999999999999997
2017,Lucas Fernandes,90899,Atlético-PR,ata,1.8785714285714283
2017,Lucas Fernandes,90899,Fluminense,ata,0.7749999999999999
2017,Lucas Fernandes,94931,São Paulo,mei,2.1666666666666665
2017,Lucas Fonseca,80189,Bahia,zag,3.0391304347826096
2017,Lucas Formiga,99959,Ponte Preta,ata,-0.1
2017,Lucas Lima,80583,Santos,mei,2.321739130434782
2017,Lucas Marques,91973,Chapecoense,mei,3.385714285714285
2017,Lucas Mineiro,90634,Chapecoense,mei,0.9882352941176469
2017,Lucas Otávio ,84896,Avaí,mei,1.1
2017,Lucas Paquetá,94930,Flamengo,mei,3.2470588235294118
2017,Lucas Poletto,100132,Grêmio,ata,2.1333333333333333
2017,Lucas Pratto,73649,São Paulo,ata,3.265625
2017,Lucas Rocha,94119,Vasco,zag,3.95
2017,Lucas Romero,84558,Cruzeiro,mei,3.475
2017,Lucas Silva,79701,Cruzeiro,mei,1.2333333333333334
2017,Lucas Veríssimo,93368,Santos,zag,3.79
2017,Lucca,61149,Ponte Preta,ata,5.134374999999999
2017,Lucho González,71479,Atlético-PR,mei,1.3359999999999999
2017,Lucão,84554,São Paulo,zag,3.3833333333333333
2017,Lugano,38062,São Paulo,zag,-0.3166666666666667
2017,Luis Ali,99892,Ponte Preta,ata,1.7
2017,Luis Caicedo,87833,Cruzeiro,zag,1.6499999999999997
2017,Luis Fabiano,37919,Vasco,ata,4.111111111111111
2017,Luis Ricardo,55348,Botafogo,lat,3.25
2017,Luiz Antonio ,74060,Chapecoense,mei,1.6800000000000004
2017,Luiz Araújo,82627,São Paulo,ata,6.1
2017,Luiz Felipe,79035,Santos,zag,1.75
2017,Luiz Fernando ,90366,Fluminense,mei,1.1
2017,Luiz Fernando ,90715,Atlético-GO,mei,3.066666666666667
2017,Luiz Otávio ,86863,Chapecoense,zag,1.8
2017,Luizão,86724,Coritiba,zag,-0.5142857142857141
2017,Luquinhas,95263,Fluminense,mei,1.2
2017,Léo,50459,Cruzeiro,zag,2.8565217391304345
2017,Léo,69177,Coritiba,lat,2.7086956521739123
2017,Léo,85626,Fluminense,lat,0.8555555555555556
2017,Léo,87008,Grêmio,gol,1.5666666666666667
2017,Léo Artur,82644,Ponte Preta,mei,0.8150000000000002
2017,Léo Cittadini,70986,Santos,mei,1.6166666666666665
2017,Léo Duarte,94214,Flamengo,zag,3.4000000000000004
2017,Léo Gamalho,53865,Ponte Preta,ata,2.308333333333333
2017,Léo Moura,37701,Grêmio,lat,3.5916666666666663
2017,Léo Natel,98952,São Paulo,ata,0.5
2017,Léo Principe,94765,Corinthians,lat,0.9999999999999998
2017,Machado,96089,Grêmio,mei,1.78
2017,Madson,78077,Vasco,lat,2.9789473684210526
2017,Magrão,41218,Sport,gol,2.743478260869566
2017,Maicon,38196,Grêmio,mei,1.4124999999999999
2017,Maicon,38748,Avaí,lat,4.133333333333334
2017,Maicon,71227,São Paulo,zag,3.833333333333334
2017,Maicosuel,37851,São Paulo,mei,3.3375
2017,Maikon Leite,62069,Bahia,ata,1.35
2017,Mancuello,71066,Flamengo,mei,3.828571428571429
2017,Manga Escobar,71704,Vasco,ata,1.921428571428571
2017,Manoel,69014,Cruzeiro,zag,3.05
2017,Mantuan,97315,Corinthians,mei,-0.5
2017,Maranhão,73513,Fluminense,ata,-0.55
2017,Maranhão,73513,Ponte Preta,ata,0.675
2017,Marcelo,95638,Botafogo,zag,3.909090909090909
2017,Marcelo Grohe,37770,Grêmio,gol,3.9583333333333335
2017,Marcelo Oliveira,50328,Grêmio,lat,1.5727272727272725
2017,Marciel,91714,Corinthians,mei,4.0
2017,Marcinho,95332,São Paulo,ata,0.8789473684210528
2017,Marcio,97538,Coritiba,zag,2.1105263157894742
2017,Marcos,78495,Atlético-GO,gol,6.322222222222222
2017,Marcos Calazans,97452,Fluminense,ata,3.872727272727273
2017,Marcos Guilherme ,83266,São Paulo,mei,2.8772727272727283
2017,Marcos Junior,80188,Fluminense,ata,2.126315789473684
2017,Marcos Rocha,63013,Atlético-MG,lat,6.3578947368421055
2017,Marcos Vinícius,73721,Botafogo,mei,3.004545454545455
2017,Marcão,87267,Atlético-PR,zag,1.7
2017,Marcão Silva,78856,Atlético-GO,mei,3.0789473684210527
2017,Marllon,70666,Ponte Preta,zag,3.561538461538462
2017,Marlon,91706,Fluminense,lat,2.6714285714285717
2017,Marlon Freitas,93790,Fluminense,mei,1.6375
2017,Marlone,80944,Atlético-MG,mei,0.9727272727272726
2017,Marquinho,50407,Fluminense,mei,-0.4
2017,Marquinho,98765,Atlético-MG,mei,-0.8
2017,Marquinhos,38150,Avaí,mei,1.4263157894736842
2017,Marquinhos,60788,Sport,ata,1.4666666666666666
2017,Marquinhos Gabriel,68954,Corinthians,mei,2.4318181818181817
2017,Martín Silva,69249,Vasco,gol,3.5576923076923075
2017,Mascarenhas,99721,Fluminense,lat,4.1000000000000005
2017,Mateus Norton,94336,Fluminense,mei,0.9199999999999999
2017,Mateus Vital,93108,Vasco,mei,2.8592592592592587
2017,Matheus Alessandro,97527,Fluminense,ata,2.26875
2017,Matheus Anjos,97879,Atlético-PR,mei,-0.21666666666666665
2017,Matheus Fernandes,94067,Botafogo,mei,3.5727272727272723
2017,Matheus Galdezani,82634,Coritiba,mei,1.6607142857142854
2017,Matheus Jesus,95335,Santos,mei,1.1799999999999997
2017,Matheus Mancini,80124,Atlético-MG,zag,0.1333333333333333
2017,Matheus Oliveira,96328,Santos,mei,-1.4
2017,Matheus Reis,87486,Bahia,lat,2.2944444444444443
2017,Matheus Ribeiro,82943,Santos,lat,4.5
2017,Matheus Rossetto,86766,Atlético-PR,mei,1.1041666666666667
2017,Matheus Sales,89285,Bahia,mei,1.2384615384615383
2017,Matheus Savio,91264,Flamengo,mei,2.2249999999999996
2017,Matheuzinho,100742,Grêmio,mei,2.2
2017,Mauricio Kozlinski,72595,Avaí,gol,3.7249999999999996
2017,Maurinho,82625,Avaí,ata,3.5545454545454547
2017,Maycon,94154,Corinthians,mei,2.0593749999999997
2017,Mayke,81150,Palmeiras,lat,3.6923076923076925
2017,Mena,77967,Sport,lat,4.273913043478261
2017,Mendoza,90031,Bahia,ata,5.08
2017,Messidoro,95562,Cruzeiro,mei,-0.4666666666666666
2017,Michel ,71920,Grêmio,mei,5.131578947368422
2017,Michel Bastos,37607,Palmeiras,mei,2.3
2017,Miller Bolaños,78371,Grêmio,ata,-0.30000000000000004
2017,Moisés,63158,Palmeiras,mei,4.944444444444446
2017,Moisés,82567,Chapecoense,mei,1.4000000000000001
2017,Moisés,90444,Corinthians,lat,3.5666666666666664
2017,Moisés Ribeiro,78991,Chapecoense,mei,1.481818181818182
2017,Montillo,69095,Botafogo,mei,0.45999999999999996
2017,Murilo,97653,Cruzeiro,zag,2.6608695652173906
2017,Muriqui,38225,Vasco,ata,0.45
2017,Márcio Araújo,38311,Flamengo,mei,2.752000000000001
2017,Nadson,80140,Chapecoense,mei,1.575
2017,Naldo,78897,Ponte Preta,mei,2.045454545454546
2017,Nathan,89156,Chapecoense,zag,-0.3
2017,Negueba,70929,Ponte Preta,ata,0.6000000000000001
2017,Neilton,83772,Vitória,ata,3.876666666666667
2017,Nenén,79892,Chapecoense,mei,1.5833333333333333
2017,Nenê,38913,Vasco,mei,3.573333333333333
2017,Neris,83786,Sport,zag,-0.8
2017,Neto Berola,68807,Coritiba,ata,1.4909090909090907
2017,Nicolas,95127,Atlético-PR,lat,0.5833333333333334
2017,Nicolas Careca,89341,Grêmio,ata,-1.05
2017,Nikão,69705,Atlético-PR,mei,1.7279999999999998
2017,Nilmar,37653,Santos,ata,-0.55
2017,Niltinho,84703,Atlético-GO,ata,1.5842105263157893
2017,Niltinho,84703,Chapecoense,ata,-0.4
2017,Nino Paraíba,68808,Ponte Preta,lat,4.3999999999999995
2017,Nogueira,91815,Fluminense,zag,1.5857142857142856
2017,Nonoca,97856,Cruzeiro,mei,2.3000000000000003
2017,Orejuela,87874,Fluminense,mei,0.7176470588235295
2017,Orinho,95542,Santos,lat,5.25
2017,Osman,81898,Chapecoense,ata,1.8199999999999996
2017,Osvaldo,42222,Sport,ata,2.0375
2017,Oswaldo Henríquez,81241,Sport,zag,3.2952380952380955
2017,Otero,83004,Atlético-MG,mei,5.532
2017,Otávio ,82463,Atlético-PR,mei,4.1899999999999995
2017,Pablo,69138,Atlético-PR,ata,-0.505263157894737
2017,Pablo,69165,Corinthians,zag,4.577272727272728
2017,Pablo Diogo,70987,Atlético-MG,ata,-0.6
2017,Pachu,97352,Botafogo,ata,0.7
2017,Paolo Guerrero,75295,Flamengo,ata,4.394444444444446
2017,Pará,62086,Flamengo,lat,3.071999999999999
2017,Patric,60969,Vitória,lat,2.703125
2017,Patrick,83433,Sport,mei,4.783870967741936
2017,Patrick,99918,Grêmio,mei,1.190909090909091
2017,Paulinho,69016,Atlético-GO,mei,4.085
2017,Paulinho,78578,Vitória,ata,-0.5399999999999998
2017,Paulinho,99818,Vasco,ata,4.288888888888889
2017,Paulo André,37604,Atlético-PR,zag,1.7111111111111112
2017,Paulo Roberto,69047,Corinthians,mei,1.8833333333333335
2017,Paulo Victor,68873,Grêmio,gol,4.444444444444445
2017,Paulo Vitor,99588,Vasco,ata,1.4727272727272727
2017,Paulão,63172,Vasco,zag,2.1136363636363633
2017,Pavez,90959,Atlético-PR,mei,2.457894736842105
2017,Pedrinho,98706,Corinthians,ata,0.6818181818181818
2017,Pedro,94583,Fluminense,ata,2.4
2017,Pedro,95550,Atlético-GO,ata,0.0
2017,Pedro Castro,78840,Avaí,mei,2.7677419354838704
2017,Pedro Geromel,80853,Grêmio,zag,6.505555555555555
2017,Pedro Henrique,87225,Corinthians,zag,4.723529411764706
2017,Pedro Rocha,90302,Grêmio,ata,5.008333333333333
2017,Penilla,99883,Chapecoense,ata,1.29
2017,Pepê,91201,Grêmio,ata,5.833333333333333
2017,Perotti,94286,Chapecoense,ata,0.9
2017,Petros,78891,São Paulo,mei,4.7814814814814826
2017,Peu,93739,Fluminense,ata,1.05
2017,Pierre,38440,Fluminense,mei,0.0
2017,Rafael,68928,Cruzeiro,gol,3.34
2017,Rafael Carioca,60784,Atlético-MG,mei,2.314285714285714
2017,Rafael Galhardo,68821,Cruzeiro,lat,0.5
2017,Rafael Longuine,90566,Coritiba,mei,0.15000000000000002
2017,Rafael Longuine,90566,Santos,mei,0.06666666666666665
2017,Rafael Marques,37623,Vasco,zag,1.1166666666666667
2017,Rafael Marques,38957,Cruzeiro,ata,1.0333333333333332
2017,Rafael Moura,37655,Atlético-MG,ata,1.3699999999999997
2017,Rafael Sobis,37798,Cruzeiro,ata,1.8761904761904769
2017,Rafael Thyere,83048,Grêmio,zag,2.9615384615384617
2017,Rafael Vaz,73421,Flamengo,zag,4.147058823529412
2017,Rafaelson,92614,Vitória,ata,-3.5
2017,Rafinha,38421,Cruzeiro,mei,3.3679999999999994
2017,Ralph,96433,Atlético-MG,mei,1.2666666666666666
2017,Ramiro,78715,Grêmio,mei,3.5521739130434784
2017,Ramon,68896,Vasco,lat,6.376470588235295
2017,Ramon,88087,Vitória,zag,1.8720000000000006
2017,Raniel,86797,Cruzeiro,ata,4.9624999999999995
2017,Raphael Veiga,94509,Palmeiras,mei,0.33636363636363636
2017,Raul Prata,84855,Sport,lat,5.014285714285713
2017,Reginaldo,82515,Fluminense,zag,3.438888888888889
2017,Reinaldo,78850,Chapecoense,lat,5.386206896551724
2017,Renan Fonseca,72037,Botafogo,zag,5.0
2017,Renan Gorne,95543,Botafogo,ata,-3.5
2017,Renan Ribeiro,68932,São Paulo,gol,1.6857142857142855
2017,Renato,38908,Santos,mei,1.9761904761904763
2017,Renato,39572,Fluminense,lat,1.7375000000000003
2017,Renato Cajá,51319,Ponte Preta,mei,1.6352941176470586
2017,Renato Chaves,68827,Fluminense,zag,2.3500000000000005
2017,René,73978,Vitória,zag,1.7272727272727273
2017,Renê,78445,Flamengo,lat,4.0375
2017,Renê Júnior,73281,Bahia,mei,6.083333333333333
2017,Rhodolfo,42501,Flamengo,zag,3.6315789473684212
2017,Ribamar,94068,Atlético-PR,ata,4.042105263157895
2017,Ricardo Oliveira,38910,Santos,ata,4.46842105263158
2017,Ricardo Silva,79334,Atlético-GO,zag,0.9666666666666668
2017,Richard,86711,Fluminense,mei,5.550000000000001
2017,Richarlison ,92081,Fluminense,ata,6.3999999999999995
2017,Rildo,73635,Coritiba,ata,3.594117647058823
2017,Rithely,68834,Sport,mei,3.786206896551725
2017,Robert ,85121,Fluminense,mei,0.9500000000000001
2017,Roberto,71116,Chapecoense,lat,3.433333333333333
2017,Robinho,38246,Atlético-MG,ata,3.2206896551724133
2017,Robinho,62104,Cruzeiro,mei,1.8555555555555554
2017,Robinho,99574,Fluminense,ata,1.1400000000000001
2017,Rodinei,73992,Flamengo,lat,3.5882352941176476
2017,Rodrigo,37644,Ponte Preta,zag,3.4523809523809526
2017,Rodrigo,86935,Sport,mei,1.7714285714285711
2017,Rodrigo Becão,93369,Bahia,zag,2.814285714285714
2017,Rodrigo Caio,73800,São Paulo,zag,2.674074074074074
2017,Rodrigo Figueiredo,96832,Corinthians,mei,2.9
2017,Rodrigo Lindoso,72362,Botafogo,mei,3.089285714285714
2017,Rodrigo Pelezinho,98184,Chapecoense,ata,-0.09999999999999999
2017,Rodrigo Pimpão,68901,Botafogo,ata,3.2448275862068963
2017,Rodrigo Ramos,91388,Coritiba,lat,-0.6333333333333333
2017,Rodriguinho,61033,Corinthians,mei,3.3076923076923084
2017,Rodrigão,87398,Atlético-MG,zag,2.8000000000000003
2017,Rodrigão,90651,Bahia,ata,4.153846153846155
2017,Rodrigão,90651,Santos,ata,-0.75
2017,Rodrygo,100651,Santos,ata,0.7
2017,Roger,38287,Botafogo,ata,5.261111111111111
2017,Roger Bernardo,37934,Atlético-MG,mei,1.3272727272727272
2017,Roger Carvalho,51415,Atlético-GO,zag,2.49375
2017,Rogério,73540,Sport,ata,2.829166666666667
2017,Romarinho,84523,Fluminense,ata,0.5499999999999999
2017,Romercio,97443,Coritiba,zag,0.2
2017,Romulo,70009,Flamengo,mei,0.6428571428571429
2017,Romulo,89696,Avaí,ata,1.3666666666666663
2017,Ronaldo,92981,Atlético-GO,mei,4.155555555555556
2017,Ronaldo Alves,68950,Sport,zag,3.2916666666666665
2017,Rossi,81798,Chapecoense,ata,2.1374999999999997
2017,Ruan,100842,Grêmio,zag,-0.1
2017,Régis,82647,Bahia,mei,1.9038461538461544
2017,Régis Souza,68995,Bahia,lat,-0.22499999999999998
2017,Réver,52253,Flamengo,zag,5.336363636363637
2017,Róger Guedes,89898,Palmeiras,ata,2.231818181818182
2017,Samuel Xavier,73384,Sport,lat,2.9999999999999996
2017,Sander,95843,Sport,lat,5.904545454545453
2017,Santos,69012,Atlético-PR,gol,3.35
2017,Sassá,79578,Cruzeiro,ata,3.7399999999999998
2017,Saulo,89492,Botafogo,gol,-2.0
2017,Seijas,70742,Chapecoense,mei,2.1999999999999997
2017,Serginho,88002,Santos,mei,0.5111111111111111
2017,Shaylon,97520,São Paulo,mei,3.72
2017,Sidcley,86764,Atlético-PR,lat,4.877419354838709
2017,Sidão,70222,São Paulo,gol,4.594117647058824
2017,Silva,91917,Atlético-GO,mei,1.02
2017,Sornoza,87877,Fluminense,mei,2.5909090909090904
2017,Tchê Tchê,86686,Palmeiras,mei,2.09
2017,Thalis ,95022,Atlético-MG,mei,0.2
2017,Thalisson Kelven,97448,Coritiba,zag,0.1333333333333333
2017,Thalles,85211,Vasco,ata,1.2916666666666663
2017,Thallyson,81219,Vitória,lat,0.8833333333333334
2017,Thallyson,94144,Sport,mei,0.6230769230769229
2017,Thiago,91194,Flamengo,gol,3.7333333333333334
2017,Thiago Carleto,51700,Coritiba,lat,5.7
2017,Thiago Heleno,38394,Atlético-PR,zag,2.9692307692307702
2017,Thiago Maia,89637,Santos,mei,4.144444444444444
2017,Thiago Martins,83615,Bahia,zag,1.3888888888888886
2017,Thiago Mendes,71123,São Paulo,mei,2.033333333333333
2017,Thiago Neves,38277,Cruzeiro,mei,5.15
2017,Thiago Ribeiro,68929,Santos,ata,0.16999999999999998
2017,Thiago Santos,78855,Palmeiras,mei,2.566666666666667
2017,Thomaz,79041,São Paulo,mei,2.166666666666666
2017,Thomás,77551,Sport,mei,2.1076923076923073
2017,Tiago ,79042,Bahia,zag,3.1225806451612903
2017,Tiago Real,70058,Coritiba,mei,1.3400000000000003
2017,Tomas Bastos,82817,Coritiba,mei,1.55
2017,Trauco,95738,Flamengo,lat,2.6849999999999996
2017,Tréllez,87679,Vitória,ata,4.1347826086956525
2017,Túlio de Melo,54797,Chapecoense,ata,3.7470588235294113
2017,Uillian Correia,72007,Vitória,mei,3.110000000000001
2017,Valdívia,85423,Atlético-MG,mei,3.6615384615384627
2017,Vanderlei,62121,Santos,gol,7.982142857142856
2017,Vecchio,68745,Santos,mei,1.1583333333333334
2017,Victor,52950,Atlético-MG,gol,4.622222222222224
2017,Victor Ferraz,70046,Santos,lat,3.4272727272727264
2017,Victor Lindenberg,96524,Botafogo,lat,0.0
2017,Victor Luis,86410,Botafogo,lat,4.235714285714286
2017,Victor Ramos,63000,Chapecoense,zag,1.3333333333333333
2017,Vinicius Junior,99535,Flamengo,ata,1.714285714285714
2017,Vinícius,71162,Bahia,mei,1.4119999999999997
2017,Vinícius Pacheco,38400,Avaí,mei,-0.8
2017,Vinícius Tanque,88651,Botafogo,ata,2.1222222222222222
2017,Vitor Bueno,87552,Santos,mei,1.5833333333333333
2017,Vitor Carvalho,97449,Coritiba,mei,-0.3
2017,Vladimir Hernández,72879,Santos,ata,0.86
2017,Wagner,37674,Vasco,mei,2.194117647058824
2017,Walisson Maia,73991,Coritiba,zag,2.7555555555555555
2017,Wallace Reis ,68958,Vitória,zag,4.3952380952380965
2017,Walter,51413,Corinthians,gol,12.0
2017,Walter,62128,Atlético-GO,ata,1.9500000000000002
2017,Walterson,86323,Atlético-GO,ata,-0.825
2017,Wanderson,86143,Atlético-PR,zag,2.569565217391305
2017,Wellington,62129,Vasco,mei,0.3700000000000001
2017,Wellington Nem,73619,São Paulo,ata,1.52
2017,Wellington Paulista,38279,Chapecoense,ata,3.025
2017,Wellington Silva,68895,Fluminense,ata,2.02
2017,Wellington Simião,81903,Avaí,mei,1.2433333333333334
2017,Wendel,38021,Ponte Preta,mei,1.58125
2017,Wendel,98402,Fluminense,mei,3.9214285714285717
2017,Wenderson,99474,Botafogo,mei,-1.05
2017,Werley,62974,Coritiba,zag,3.740909090909092
2017,Wesley,50421,Sport,mei,-0.5
2017,Wesley,50421,São Paulo,mei,1.5
2017,Weverton,71631,Atlético-PR,gol,4.791666666666667
2017,William Alves,79032,Atlético-GO,zag,0.9375000000000002
2017,William Matheus,62130,Coritiba,lat,1.9368421052631575
2017,Willian,42116,Palmeiras,ata,4.717391304347827
2017,Willian Arão,78478,Flamengo,mei,4.137037037037037
2017,Willian Farias,63058,Vitória,mei,2.857142857142857
2017,Willians,60787,Avaí,ata,1.1400000000000001
2017,Wilson,50284,Coritiba,gol,5.875000000000001
2017,Xuxa,55594,Ponte Preta,mei,1.3
2017,Yago,77500,Ponte Preta,zag,0.6285714285714287
2017,Yago,84926,Atlético-MG,mei,1.2727272727272725
2017,Yago,87747,Vitória,mei,2.7961538461538464
2017,Yago,95126,Atlético-PR,ata,-0.20000000000000004
2017,Yago Pikachu,80196,Vasco,lat,3.816666666666666
2017,Yan,96055,Coritiba,mei,2.233333333333333
2017,Yerry Mina,85241,Palmeiras,zag,4.535714285714286
2017,Yuri,83263,Bahia,mei,0.7
2017,Yuri,90569,Santos,mei,-0.625
2017,Yuri,97769,Ponte Preta,ata,0.7
2017,Yuri Alberto,100652,Santos,ata,0.0
2017,Zeca,87192,Santos,lat,4.741666666666666
2017,Zé Ivaldo,91866,Atlético-PR,zag,1.9333333333333336
2017,Zé Rafael ,82455,Bahia,mei,5.960606060606062
2017,Zé Roberto,36612,Palmeiras,lat,2.2363636363636363
2017,Ábila,91094,Cruzeiro,ata,1.8999999999999992
2017,Ángel Romero,88323,Corinthians,ata,3.8538461538461553
2017,Éder ,91203,Bahia,zag,-0.2250000000000001
2017,Éder Militão,99424,São Paulo,mei,2.8619047619047624
2017,Éderson,73446,Atlético-PR,ata,2.2222222222222223
2017,Élber,74140,Cruzeiro,mei,2.476470588235294
2017,Éverton Ribeiro,51772,Flamengo,mei,3.392592592592593
2017,Índio,95180,Sport,ata,1.1333333333333335
